sl.no.,time_stamp,path_id,point_id,point_latitude,point_longitude,speed_on_ground,course_on_ground
1.0,12:02,900001.0,1.0,38.80401,-74.96394,6.0,82.6
2.0,12:03,900001.0,2.0,38.80423,-74.96176,6.0,82.5
3.0,12:04,900001.0,3.0,38.80445,-74.95957,6.0,82.4
4.0,12:05,900001.0,4.0,38.80467,-74.95739,6.0,82.2
5.0,12:06,900001.0,5.0,38.80489,-74.9552,6.0,81.9
6.0,12:07,900001.0,6.0,38.80511,-74.95302,6.0,81.5
7.0,12:08,900001.0,7.0,38.80534,-74.95083,6.0,81.1
8.0,12:09,900001.0,8.0,38.80557,-74.94864,6.0,80.6
9.0,12:10,900001.0,9.0,38.8058,-74.94645,6.0,80.2
10.0,12:12,900001.0,10.0,38.80629,-74.94206,6.0,79.3
11.0,12:13,900001.0,11.0,38.80654,-74.93986,6.0,78.8
12.0,12:14,900001.0,12.0,38.8068,-74.93765,6.1,78.4
13.0,12:15,900001.0,13.0,38.80707,-74.93545,6.1,78.0
14.0,12:16,900001.0,14.0,38.80734,-74.93324,6.1,77.7
15.0,12:17,900001.0,15.0,38.80763,-74.93102,6.1,77.5
16.0,12:18,900001.0,16.0,38.80792,-74.9288,6.1,77.4
17.0,12:19,900001.0,17.0,38.80822,-74.92658,6.1,77.3
18.0,12:21,900001.0,18.0,38.80886,-74.92212,6.1,77.2
19.0,12:22,900001.0,19.0,38.80919,-74.91988,6.1,77.0
20.0,12:23,900001.0,20.0,38.80954,-74.91764,6.2,76.8
21.0,12:24,900001.0,21.0,38.8099,-74.9154,6.2,76.6
22.0,12:25,900001.0,22.0,38.81027,-74.91315,6.2,76.3
23.0,12:26,900001.0,23.0,38.81065,-74.91091,6.2,76.0
24.0,12:27,900001.0,24.0,38.81105,-74.90866,6.2,75.6
25.0,12:28,900001.0,25.0,38.81146,-74.90641,6.2,75.2
26.0,12:29,900001.0,26.0,38.81188,-74.90416,6.2,74.7
27.0,12:30,900001.0,27.0,38.81232,-74.90192,6.3,74.2
28.0,12:31,900001.0,28.0,38.81277,-74.89967,6.3,73.7
29.0,12:32,900001.0,29.0,38.81324,-74.89743,6.3,73.2
30.0,12:33,900001.0,30.0,38.81372,-74.89519,6.3,72.6
31.0,12:34,900001.0,31.0,38.81422,-74.89295,6.3,72.0
32.0,12:36,900001.0,32.0,38.81526,-74.88849,6.4,70.8
33.0,12:37,900001.0,33.0,38.8158,-74.88627,6.4,70.1
34.0,12:38,900001.0,34.0,38.81636,-74.88405,6.4,69.5
35.0,12:39,900001.0,35.0,38.81694,-74.88184,6.5,68.8
36.0,12:40,900001.0,36.0,38.81754,-74.87964,6.5,68.1
37.0,12:41,900001.0,37.0,38.81815,-74.87744,6.5,67.4
38.0,12:42,900001.0,38.0,38.81878,-74.87525,6.5,66.8
39.0,12:43,900001.0,39.0,38.81943,-74.87307,6.6,66.1
40.0,12:44,900001.0,40.0,38.8201,-74.8709,6.6,65.4
41.0,12:45,900001.0,41.0,38.82079,-74.86874,6.6,64.8
42.0,12:46,900001.0,42.0,38.8215,-74.86659,6.6,64.1
43.0,12:47,900001.0,43.0,38.82223,-74.86446,6.7,63.5
44.0,12:48,900001.0,44.0,38.82298,-74.86233,6.7,62.9
45.0,12:50,900001.0,45.0,38.82453,-74.85812,6.7,61.7
46.0,12:51,900001.0,46.0,38.82534,-74.85603,6.8,61.2
47.0,12:52,900001.0,47.0,38.82617,-74.85395,6.8,60.7
48.0,12:53,900001.0,48.0,38.82703,-74.8519,6.8,60.2
49.0,12:54,900001.0,49.0,38.8279,-74.84985,6.8,59.7
50.0,12:55,900001.0,50.0,38.8288,-74.84783,6.8,59.3
51.0,12:56,900001.0,51.0,38.82972,-74.84582,6.9,58.9
52.0,12:57,900001.0,52.0,38.83067,-74.84382,6.9,58.6
53.0,12:58,900001.0,53.0,38.83164,-74.84185,6.9,58.3
54.0,12:59,900001.0,54.0,38.83263,-74.83989,6.9,58.1
55.0,13:00,900001.0,55.0,38.83364,-74.83795,6.9,57.9
56.0,13:01,900001.0,56.0,38.83468,-74.83604,7.0,57.7
57.0,13:02,900001.0,57.0,38.83575,-74.83414,7.0,57.6
58.0,13:03,900001.0,58.0,38.83684,-74.83226,7.0,57.6
59.0,13:04,900001.0,59.0,38.83796,-74.8304,7.0,57.6
60.0,13:05,900001.0,60.0,38.8391,-74.82857,7.0,57.6
61.0,13:06,900001.0,61.0,38.84026,-74.82675,7.1,57.5
62.0,13:07,900001.0,62.0,38.84145,-74.82496,7.1,57.5
63.0,13:08,900001.0,63.0,38.84267,-74.82319,7.1,57.4
64.0,13:09,900001.0,64.0,38.8439,-74.82143,7.1,57.3
65.0,13:10,900001.0,65.0,38.84516,-74.81969,7.1,57.2
66.0,13:11,900001.0,66.0,38.84645,-74.81797,7.1,57.1
67.0,13:12,900001.0,67.0,38.84775,-74.81627,7.1,56.9
68.0,13:13,900001.0,68.0,38.84907,-74.81459,7.2,56.8
69.0,13:14,900001.0,69.0,38.85042,-74.81292,7.2,56.6
70.0,13:15,900001.0,70.0,38.85179,-74.81127,7.2,56.5
71.0,13:16,900001.0,71.0,38.85317,-74.80963,7.2,56.3
72.0,13:17,900001.0,72.0,38.85458,-74.80801,7.2,56.1
73.0,13:19,900001.0,73.0,38.85744,-74.80481,7.2,55.6
74.0,13:20,900001.0,74.0,38.8589,-74.80324,7.2,55.4
75.0,13:21,900001.0,75.0,38.86038,-74.80167,7.2,55.2
76.0,13:22,900001.0,76.0,38.86188,-74.80012,7.3,54.9
77.0,13:23,900001.0,77.0,38.86339,-74.79858,7.3,54.7
78.0,13:24,900001.0,78.0,38.86491,-74.79706,7.3,54.4
79.0,13:25,900001.0,79.0,38.86646,-74.79554,7.3,54.1
80.0,13:26,900001.0,80.0,38.86801,-74.79403,7.3,53.8
81.0,13:27,900001.0,81.0,38.86958,-74.79254,7.3,53.6
82.0,13:28,900001.0,82.0,38.87117,-74.79106,7.3,53.3
83.0,13:29,900001.0,83.0,38.87277,-74.78958,7.3,53.0
84.0,13:30,900001.0,84.0,38.87438,-74.78812,7.3,52.7
85.0,13:31,900001.0,85.0,38.87601,-74.78666,7.3,52.3
86.0,13:32,900001.0,86.0,38.87764,-74.78521,7.3,52.0
87.0,13:33,900001.0,87.0,38.87929,-74.78377,7.3,51.7
88.0,13:34,900001.0,88.0,38.88095,-74.78234,7.3,51.4
89.0,13:35,900001.0,89.0,38.88262,-74.78091,7.3,51.0
90.0,13:36,900001.0,90.0,38.8843,-74.77949,7.3,50.7
91.0,13:37,900001.0,91.0,38.88599,-74.77807,7.4,50.4
92.0,13:38,900001.0,92.0,38.88769,-74.77666,7.4,50.0
93.0,13:40,900001.0,93.0,38.89111,-74.77386,7.4,49.4
94.0,13:41,900001.0,94.0,38.89283,-74.77246,7.4,49.0
95.0,13:42,900001.0,95.0,38.89457,-74.77107,7.4,48.7
96.0,13:43,900001.0,96.0,38.8963,-74.76968,7.4,48.3
97.0,13:44,900001.0,97.0,38.89805,-74.76829,7.4,48.0
98.0,13:45,900001.0,98.0,38.8998,-74.7669,7.4,47.7
99.0,13:46,900001.0,99.0,38.90155,-74.76552,7.4,47.3
100.0,13:47,900001.0,100.0,38.90331,-74.76413,7.4,47.0
101.0,13:48,900001.0,101.0,38.90507,-74.76275,7.4,46.7
102.0,13:49,900001.0,102.0,38.90684,-74.76137,7.4,46.3
103.0,13:50,900001.0,103.0,38.90861,-74.75998,7.4,46.0
104.0,13:51,900001.0,104.0,38.91039,-74.7586,7.4,45.7
105.0,13:52,900001.0,105.0,38.91216,-74.75721,7.4,45.4
106.0,13:53,900001.0,106.0,38.91394,-74.75582,7.4,45.0
107.0,13:54,900001.0,107.0,38.91572,-74.75443,7.4,44.7
108.0,13:55,900001.0,108.0,38.9175,-74.75304,7.4,44.4
109.0,13:56,900001.0,109.0,38.91928,-74.75164,7.4,44.1
110.0,13:57,900001.0,110.0,38.92106,-74.75025,7.4,43.9
111.0,13:58,900001.0,111.0,38.92284,-74.74884,7.4,43.6
112.0,14:00,900001.0,112.0,38.9264,-74.74602,7.4,43.0
113.0,14:01,900001.0,113.0,38.92817,-74.7446,7.4,42.8
114.0,14:02,900001.0,114.0,38.92995,-74.74317,7.4,42.5
115.0,14:03,900001.0,115.0,38.93172,-74.74174,7.4,42.3
116.0,14:04,900001.0,116.0,38.93348,-74.7403,7.4,42.1
117.0,14:05,900001.0,117.0,38.93525,-74.73885,7.4,41.8
118.0,14:06,900001.0,118.0,38.937,-74.7374,7.4,41.6
119.0,14:07,900001.0,119.0,38.93876,-74.73594,7.4,41.4
120.0,14:08,900001.0,120.0,38.94051,-74.73446,7.4,41.2
121.0,14:09,900001.0,121.0,38.94225,-74.73298,7.4,41.1
122.0,14:10,900001.0,122.0,38.94398,-74.73149,7.4,40.9
123.0,14:11,900001.0,123.0,38.94571,-74.72999,7.4,40.8
124.0,14:12,900001.0,124.0,38.94744,-74.72847,7.4,40.6
125.0,14:14,900001.0,125.0,38.95086,-74.72541,7.4,40.4
126.0,14:15,900001.0,126.0,38.95255,-74.72386,7.4,40.3
127.0,14:16,900001.0,127.0,38.95424,-74.7223,7.4,40.2
128.0,14:17,900001.0,128.0,38.95592,-74.72073,7.4,40.2
129.0,14:18,900001.0,129.0,38.95759,-74.71914,7.4,40.1
130.0,14:19,900001.0,130.0,38.95924,-74.71754,7.4,40.1
131.0,14:20,900001.0,131.0,38.96089,-74.71592,7.4,40.1
132.0,14:21,900001.0,132.0,38.96252,-74.71429,7.4,40.1
133.0,14:22,900001.0,133.0,38.96415,-74.71264,7.4,40.1
134.0,14:23,900001.0,134.0,38.96576,-74.71098,7.4,40.1
135.0,14:24,900001.0,135.0,38.96736,-74.7093,7.4,40.2
136.0,14:25,900001.0,136.0,38.96895,-74.70761,7.4,40.2
137.0,14:26,900001.0,137.0,38.97053,-74.70591,7.4,40.3
138.0,14:27,900001.0,138.0,38.9721,-74.70419,7.4,40.3
139.0,14:28,900001.0,139.0,38.97366,-74.70246,7.4,40.4
140.0,14:29,900001.0,140.0,38.9752,-74.70072,7.4,40.4
141.0,14:31,900001.0,141.0,38.97827,-74.6972,7.4,40.6
142.0,14:32,900001.0,142.0,38.97979,-74.69542,7.4,40.7
143.0,14:33,900001.0,143.0,38.9813,-74.69363,7.4,40.8
144.0,14:34,900001.0,144.0,38.9828,-74.69183,7.4,40.9
145.0,14:35,900001.0,145.0,38.98429,-74.69002,7.4,41.0
146.0,14:36,900001.0,146.0,38.98577,-74.6882,7.4,41.1
147.0,14:37,900001.0,147.0,38.98725,-74.68637,7.4,41.2
148.0,14:38,900001.0,148.0,38.98871,-74.68453,7.4,41.3
149.0,14:39,900001.0,149.0,38.99017,-74.68267,7.4,41.4
150.0,14:40,900001.0,150.0,38.99162,-74.68081,7.4,41.6
151.0,14:41,900001.0,151.0,38.99306,-74.67894,7.4,41.7
152.0,14:42,900001.0,152.0,38.99449,-74.67707,7.4,41.8
153.0,14:43,900001.0,153.0,38.99592,-74.67518,7.4,42.0
154.0,14:44,900001.0,154.0,38.99734,-74.67329,7.4,42.1
155.0,14:45,900001.0,155.0,38.99875,-74.67138,7.4,42.3
156.0,14:46,900001.0,156.0,39.00016,-74.66948,7.4,42.4
157.0,14:47,900001.0,157.0,39.00155,-74.66756,7.4,42.6
158.0,14:48,900001.0,158.0,39.00295,-74.66564,7.4,42.7
159.0,14:49,900001.0,159.0,39.00433,-74.66371,7.4,42.9
160.0,14:50,900001.0,160.0,39.00571,-74.66177,7.4,43.0
161.0,14:52,900001.0,161.0,39.00845,-74.65789,7.4,43.4
162.0,14:53,900001.0,162.0,39.00981,-74.65593,7.4,43.5
163.0,14:54,900001.0,163.0,39.01117,-74.65398,7.4,43.7
164.0,14:55,900001.0,164.0,39.01252,-74.65202,7.4,43.9
165.0,14:56,900001.0,165.0,39.01387,-74.65005,7.4,44.0
166.0,14:57,900001.0,166.0,39.01521,-74.64808,7.4,44.2
167.0,14:58,900001.0,167.0,39.01655,-74.64611,7.4,44.3
168.0,14:59,900001.0,168.0,39.01788,-74.64414,7.4,44.5
169.0,15:00,900001.0,169.0,39.01921,-74.64216,7.4,44.7
170.0,15:01,900001.0,170.0,39.02054,-74.64018,7.4,44.8
171.0,15:02,900001.0,171.0,39.02186,-74.63819,7.4,45.0
172.0,15:03,900001.0,172.0,39.02318,-74.63621,7.4,45.2
173.0,15:04,900001.0,173.0,39.02449,-74.63422,7.4,45.3
174.0,15:05,900001.0,174.0,39.0258,-74.63223,7.4,45.5
175.0,15:06,900001.0,175.0,39.02711,-74.63024,7.4,45.6
176.0,15:07,900001.0,176.0,39.02841,-74.62825,7.4,45.8
177.0,15:08,900001.0,177.0,39.02972,-74.62626,7.4,45.9
178.0,15:09,900001.0,178.0,39.03102,-74.62427,7.4,46.1
179.0,15:10,900001.0,179.0,39.03231,-74.62228,7.4,46.2
180.0,15:11,900001.0,180.0,39.03361,-74.62029,7.4,46.4
181.0,15:12,900001.0,181.0,39.0349,-74.6183,7.4,46.5
182.0,15:13,900001.0,182.0,39.03619,-74.61632,7.4,46.6
183.0,15:14,900001.0,183.0,39.03749,-74.61433,7.4,46.8
184.0,15:15,900001.0,184.0,39.03877,-74.61235,7.4,46.9
185.0,15:17,900001.0,185.0,39.04135,-74.60838,7.4,47.1
186.0,15:18,900001.0,186.0,39.04264,-74.60641,7.4,47.2
187.0,15:19,900001.0,187.0,39.04392,-74.60443,7.4,47.3
188.0,15:20,900001.0,188.0,39.04521,-74.60246,7.4,47.4
189.0,15:21,900001.0,189.0,39.04649,-74.60049,7.4,47.5
190.0,15:22,900001.0,190.0,39.04778,-74.59853,7.4,47.6
191.0,15:23,900001.0,191.0,39.04906,-74.59657,7.3,47.7
192.0,15:24,900001.0,192.0,39.05035,-74.59462,7.3,47.8
193.0,15:25,900001.0,193.0,39.05163,-74.59267,7.3,47.8
194.0,15:26,900001.0,194.0,39.05292,-74.59072,7.3,47.9
195.0,15:27,900001.0,195.0,39.05421,-74.58879,7.3,47.9
196.0,15:28,900001.0,196.0,39.0555,-74.58685,7.3,48.0
197.0,15:29,900001.0,197.0,39.05679,-74.58493,7.3,48.0
198.0,15:31,900001.0,198.0,39.05938,-74.58109,7.3,48.1
199.0,15:32,900001.0,199.0,39.06067,-74.57919,7.3,48.1
200.0,15:33,900001.0,200.0,39.06197,-74.57729,7.3,48.1
201.0,15:34,900001.0,201.0,39.06327,-74.5754,7.3,48.1
202.0,15:35,900001.0,202.0,39.06457,-74.57352,7.3,48.1
203.0,15:36,900001.0,203.0,39.06588,-74.57164,7.3,48.1
204.0,15:37,900001.0,204.0,39.06718,-74.56977,7.3,48.1
205.0,15:38,900001.0,205.0,39.06849,-74.56791,7.3,48.1
206.0,15:39,900001.0,206.0,39.0698,-74.56606,7.3,48.1
207.0,15:40,900001.0,207.0,39.07112,-74.56421,7.3,48.1
208.0,15:41,900001.0,208.0,39.07243,-74.56237,7.3,48.1
209.0,15:42,900001.0,209.0,39.07375,-74.56053,7.2,48.1
210.0,15:43,900001.0,210.0,39.07506,-74.5587,7.2,48.1
211.0,15:44,900001.0,211.0,39.07638,-74.55688,7.2,48.1
212.0,15:45,900001.0,212.0,39.0777,-74.55506,7.2,48.1
213.0,15:46,900001.0,213.0,39.07903,-74.55325,7.2,48.1
214.0,15:47,900001.0,214.0,39.08035,-74.55145,7.2,48.1
215.0,15:49,900001.0,215.0,39.083,-74.54785,7.2,48.1
216.0,15:50,900001.0,216.0,39.08433,-74.54606,7.2,48.1
217.0,15:51,900001.0,217.0,39.08565,-74.54428,7.2,48.1
218.0,15:52,900001.0,218.0,39.08698,-74.54249,7.2,48.1
219.0,15:53,900001.0,219.0,39.08831,-74.54072,7.2,48.1
220.0,15:54,900001.0,220.0,39.08964,-74.53895,7.2,48.1
221.0,15:55,900001.0,221.0,39.09097,-74.53718,7.1,48.1
222.0,15:56,900001.0,222.0,39.09231,-74.53542,7.1,48.1
223.0,15:57,900001.0,223.0,39.09364,-74.53366,7.1,48.1
224.0,15:58,900001.0,224.0,39.09497,-74.5319,7.1,48.1
225.0,15:59,900001.0,225.0,39.0963,-74.53015,7.1,48.1
226.0,16:00,900001.0,226.0,39.09764,-74.5284,7.1,48.1
227.0,16:01,900001.0,227.0,39.09897,-74.52665,7.1,48.1
228.0,16:02,900001.0,228.0,39.1003,-74.52491,7.1,48.1
229.0,16:03,900001.0,229.0,39.10164,-74.52317,7.1,48.1
230.0,16:04,900001.0,230.0,39.10297,-74.52143,7.1,48.1
231.0,16:05,900001.0,231.0,39.1043,-74.5197,7.1,48.1
232.0,16:06,900001.0,232.0,39.10564,-74.51796,7.0,48.1
233.0,16:07,900001.0,233.0,39.10697,-74.51623,7.0,48.1
234.0,16:08,900001.0,234.0,39.1083,-74.5145,7.0,48.1
235.0,16:09,900001.0,235.0,39.10963,-74.51278,7.0,48.1
236.0,16:10,900001.0,236.0,39.11097,-74.51105,7.0,48.1
237.0,16:11,900001.0,237.0,39.1123,-74.50933,7.0,48.1
238.0,16:12,900001.0,238.0,39.11363,-74.5076,7.0,48.1
239.0,16:13,900001.0,239.0,39.11496,-74.50588,7.0,48.1
240.0,16:14,900001.0,240.0,39.11629,-74.50416,7.0,48.1
241.0,16:16,900001.0,241.0,39.11894,-74.50072,7.0,48.1
242.0,16:17,900001.0,242.0,39.12027,-74.499,6.9,48.1
243.0,16:18,900001.0,243.0,39.12159,-74.49728,6.9,48.1
244.0,16:19,900001.0,244.0,39.12292,-74.49557,6.9,48.1
245.0,16:20,900001.0,245.0,39.12424,-74.49385,6.9,48.1
246.0,16:21,900001.0,246.0,39.12556,-74.49213,6.9,48.1
247.0,16:22,900001.0,247.0,39.12688,-74.49041,6.9,48.1
248.0,16:23,900001.0,248.0,39.1282,-74.48869,6.9,48.1
249.0,16:24,900001.0,249.0,39.12951,-74.48697,6.9,48.1
250.0,16:25,900001.0,250.0,39.13083,-74.48525,6.9,48.1
251.0,16:27,900001.0,251.0,39.13345,-74.4818,6.9,48.1
252.0,16:28,900001.0,252.0,39.13476,-74.48007,6.9,48.1
253.0,16:29,900001.0,253.0,39.13607,-74.47834,6.9,48.1
254.0,16:30,900001.0,254.0,39.13738,-74.47662,6.9,48.1
255.0,16:31,900001.0,255.0,39.13868,-74.47488,6.8,48.1
256.0,16:32,900001.0,256.0,39.13998,-74.47315,6.8,48.1
257.0,16:33,900001.0,257.0,39.14128,-74.47141,6.8,48.1
258.0,16:34,900001.0,258.0,39.14257,-74.46968,6.8,48.1
259.0,16:35,900001.0,259.0,39.14387,-74.46794,6.8,48.1
260.0,16:36,900001.0,260.0,39.14516,-74.46619,6.8,48.1
261.0,16:37,900001.0,261.0,39.14645,-74.46444,6.8,48.1
262.0,16:38,900001.0,262.0,39.14773,-74.46269,6.8,48.1
263.0,16:39,900001.0,263.0,39.14902,-74.46094,6.8,48.1
264.0,16:41,900001.0,264.0,39.15158,-74.45742,6.8,48.1
265.0,16:42,900001.0,265.0,39.15285,-74.45566,6.8,48.1
266.0,16:43,900001.0,266.0,39.15412,-74.45389,6.8,48.1
267.0,16:44,900001.0,267.0,39.15539,-74.45212,6.8,48.1
268.0,16:45,900001.0,268.0,39.15666,-74.45034,6.8,48.1
269.0,16:46,900001.0,269.0,39.15792,-74.44856,6.8,48.2
270.0,16:47,900001.0,270.0,39.15918,-74.44678,6.8,48.2
271.0,16:48,900001.0,271.0,39.16043,-74.44499,6.8,48.2
272.0,16:49,900001.0,272.0,39.16169,-74.4432,6.8,48.3
273.0,16:50,900001.0,273.0,39.16294,-74.44141,6.8,48.3
274.0,16:51,900001.0,274.0,39.16419,-74.43961,6.8,48.4
275.0,16:52,900001.0,275.0,39.16544,-74.43781,6.8,48.4
276.0,16:53,900001.0,276.0,39.16668,-74.436,6.8,48.5
277.0,16:54,900001.0,277.0,39.16792,-74.4342,6.8,48.6
278.0,16:55,900001.0,278.0,39.16916,-74.43239,6.8,48.6
279.0,16:57,900001.0,279.0,39.17163,-74.42876,6.8,48.8
280.0,16:58,900001.0,280.0,39.17286,-74.42694,6.8,48.9
281.0,16:59,900001.0,281.0,39.1741,-74.42512,6.8,49.0
282.0,17:00,900001.0,282.0,39.17532,-74.42329,6.8,49.0
283.0,17:01,900001.0,283.0,39.17655,-74.42147,6.8,49.1
284.0,17:02,900001.0,284.0,39.17777,-74.41964,6.8,49.2
285.0,17:03,900001.0,285.0,39.179,-74.4178,6.8,49.3
286.0,17:04,900001.0,286.0,39.18022,-74.41597,6.8,49.4
287.0,17:05,900001.0,287.0,39.18144,-74.41413,6.8,49.5
288.0,17:06,900001.0,288.0,39.18266,-74.4123,6.8,49.5
289.0,17:07,900001.0,289.0,39.18387,-74.41046,6.8,49.6
290.0,17:08,900001.0,290.0,39.18509,-74.40861,6.8,49.7
291.0,17:09,900001.0,291.0,39.1863,-74.40677,6.8,49.8
292.0,17:10,900001.0,292.0,39.18751,-74.40492,6.8,49.9
293.0,17:11,900001.0,293.0,39.18872,-74.40308,6.8,49.9
294.0,17:12,900001.0,294.0,39.18993,-74.40123,6.8,50.0
295.0,17:13,900001.0,295.0,39.19114,-74.39938,6.8,50.1
296.0,17:14,900001.0,296.0,39.19234,-74.39752,6.8,50.1
297.0,17:15,900001.0,297.0,39.19355,-74.39567,6.8,50.2
298.0,17:16,900001.0,298.0,39.19475,-74.39381,6.8,50.2
299.0,17:17,900001.0,299.0,39.19596,-74.39196,6.8,50.3
300.0,17:18,900001.0,300.0,39.19716,-74.3901,6.8,50.3
301.0,17:19,900001.0,301.0,39.19836,-74.38824,6.8,50.3
302.0,17:20,900001.0,302.0,39.19956,-74.38638,6.8,50.4
303.0,17:22,900001.0,303.0,39.20196,-74.38266,6.8,50.4
304.0,17:23,900001.0,304.0,39.20316,-74.3808,6.8,50.4
305.0,17:24,900001.0,305.0,39.20436,-74.37894,6.8,50.4
306.0,17:25,900001.0,306.0,39.20556,-74.37707,6.8,50.4
307.0,17:26,900001.0,307.0,39.20675,-74.37521,6.8,50.3
308.0,17:27,900001.0,308.0,39.20795,-74.37335,6.8,50.2
309.0,17:28,900001.0,309.0,39.20915,-74.37148,6.8,50.1
310.0,17:29,900001.0,310.0,39.21035,-74.36962,6.8,50.0
311.0,17:30,900001.0,311.0,39.21155,-74.36776,6.8,49.9
312.0,17:31,900001.0,312.0,39.21274,-74.3659,6.8,49.8
313.0,17:32,900001.0,313.0,39.21394,-74.36404,6.8,49.6
314.0,17:33,900001.0,314.0,39.21514,-74.36218,6.8,49.4
315.0,17:34,900001.0,315.0,39.21635,-74.36032,6.8,49.3
316.0,17:35,900001.0,316.0,39.21755,-74.35846,6.8,49.1
317.0,17:36,900001.0,317.0,39.21875,-74.35661,6.8,48.8
318.0,17:37,900001.0,318.0,39.21996,-74.35475,6.8,48.6
319.0,17:38,900001.0,319.0,39.22117,-74.3529,6.8,48.4
320.0,17:39,900001.0,320.0,39.22238,-74.35105,6.8,48.1
321.0,17:40,900001.0,321.0,39.22359,-74.3492,6.8,47.9
322.0,17:42,900001.0,322.0,39.22602,-74.34552,6.8,47.3
323.0,17:43,900001.0,323.0,39.22723,-74.34368,6.8,47.0
324.0,17:44,900001.0,324.0,39.22846,-74.34184,6.8,46.7
325.0,17:45,900001.0,325.0,39.22968,-74.34001,6.8,46.4
326.0,17:46,900001.0,326.0,39.23091,-74.33818,6.8,46.1
327.0,17:47,900001.0,327.0,39.23214,-74.33635,6.8,45.8
328.0,17:48,900001.0,328.0,39.23337,-74.33453,6.8,45.5
329.0,17:49,900001.0,329.0,39.23461,-74.33271,6.8,45.1
330.0,17:50,900001.0,330.0,39.23585,-74.3309,6.8,44.8
331.0,17:51,900001.0,331.0,39.23709,-74.32909,6.8,44.5
332.0,17:52,900001.0,332.0,39.23834,-74.32728,6.8,44.1
333.0,17:53,900001.0,333.0,39.23959,-74.32548,6.8,43.8
334.0,17:54,900001.0,334.0,39.24085,-74.32369,6.8,43.4
335.0,17:55,900001.0,335.0,39.24211,-74.3219,6.8,43.1
336.0,17:56,900001.0,336.0,39.24337,-74.32011,6.8,42.8
337.0,17:57,900001.0,337.0,39.24464,-74.31833,6.8,42.4
338.0,17:58,900001.0,338.0,39.24592,-74.31656,6.8,42.1
339.0,17:59,900001.0,339.0,39.2472,-74.31479,6.8,41.7
340.0,18:00,900001.0,340.0,39.24848,-74.31303,6.8,41.4
341.0,18:01,900001.0,341.0,39.24977,-74.31127,6.8,41.1
342.0,18:02,900001.0,342.0,39.25107,-74.30952,6.8,40.7
343.0,18:03,900001.0,343.0,39.25237,-74.30778,6.8,40.4
344.0,18:04,900001.0,344.0,39.25368,-74.30604,6.8,40.1
345.0,18:05,900001.0,345.0,39.25499,-74.30432,6.8,39.8
346.0,18:06,900001.0,346.0,39.25631,-74.30259,6.9,39.5
347.0,18:07,900001.0,347.0,39.25764,-74.30088,6.9,39.2
348.0,18:08,900001.0,348.0,39.25897,-74.29917,6.9,38.9
349.0,18:09,900001.0,349.0,39.26031,-74.29747,6.9,38.6
350.0,18:10,900001.0,350.0,39.26166,-74.29578,6.9,38.3
351.0,18:11,900001.0,351.0,39.26301,-74.2941,6.9,38.1
352.0,18:12,900001.0,352.0,39.26437,-74.29242,6.9,37.8
353.0,18:13,900001.0,353.0,39.26574,-74.29076,6.9,37.6
354.0,18:14,900001.0,354.0,39.26712,-74.2891,6.9,37.4
355.0,18:15,900001.0,355.0,39.2685,-74.28745,6.9,37.1
356.0,18:16,900001.0,356.0,39.26989,-74.28581,6.9,36.9
357.0,18:17,900001.0,357.0,39.27129,-74.28418,6.9,36.8
358.0,18:18,900001.0,358.0,39.2727,-74.28256,6.9,36.6
359.0,18:19,900001.0,359.0,39.27411,-74.28095,6.9,36.4
360.0,18:21,900001.0,360.0,39.27697,-74.27775,6.9,36.2
361.0,18:22,900001.0,361.0,39.27841,-74.27617,6.9,36.1
362.0,18:23,900001.0,362.0,39.27986,-74.2746,6.9,36.0
363.0,18:24,900001.0,363.0,39.28132,-74.27304,6.9,35.9
364.0,18:25,900001.0,364.0,39.28279,-74.27149,6.9,35.8
365.0,18:26,900001.0,365.0,39.28426,-74.26995,6.9,35.8
366.0,18:27,900001.0,366.0,39.28575,-74.26842,6.9,35.8
367.0,18:28,900001.0,367.0,39.28725,-74.2669,6.9,35.8
368.0,18:29,900001.0,368.0,39.28875,-74.2654,6.9,35.8
369.0,18:30,900001.0,369.0,39.29027,-74.2639,6.9,35.8
370.0,18:31,900001.0,370.0,39.29179,-74.26242,6.9,35.7
371.0,18:32,900001.0,371.0,39.29333,-74.26094,6.9,35.7
372.0,18:33,900001.0,372.0,39.29487,-74.25948,6.9,35.6
373.0,18:34,900001.0,373.0,39.29642,-74.25802,6.9,35.6
374.0,18:36,900001.0,374.0,39.29955,-74.25515,6.9,35.4
375.0,18:37,900001.0,375.0,39.30113,-74.25372,6.9,35.3
376.0,18:38,900001.0,376.0,39.30272,-74.25231,6.9,35.2
377.0,18:39,900001.0,377.0,39.30431,-74.2509,6.9,35.1
378.0,18:40,900001.0,378.0,39.30591,-74.24951,6.9,35.0
379.0,18:41,900001.0,379.0,39.30752,-74.24812,6.9,34.9
380.0,18:42,900001.0,380.0,39.30914,-74.24674,6.9,34.8
381.0,18:43,900001.0,381.0,39.31076,-74.24537,7.0,34.6
382.0,18:44,900001.0,382.0,39.31239,-74.24401,7.0,34.5
383.0,18:45,900001.0,383.0,39.31403,-74.24266,7.0,34.4
384.0,18:46,900001.0,384.0,39.31568,-74.24132,7.0,34.2
385.0,18:47,900001.0,385.0,39.31733,-74.23998,7.0,34.1
386.0,18:48,900001.0,386.0,39.31899,-74.23865,7.0,33.9
387.0,18:49,900001.0,387.0,39.32066,-74.23733,7.0,33.8
388.0,18:50,900001.0,388.0,39.32233,-74.23601,7.0,33.6
389.0,18:51,900001.0,389.0,39.32401,-74.23471,7.0,33.5
390.0,18:52,900001.0,390.0,39.3257,-74.23341,7.0,33.3
391.0,18:53,900001.0,391.0,39.32739,-74.23212,7.0,33.1
392.0,18:54,900001.0,392.0,39.32908,-74.23083,7.0,33.0
393.0,18:55,900001.0,393.0,39.33079,-74.22955,7.0,32.8
394.0,18:56,900001.0,394.0,39.33249,-74.22828,7.0,32.6
395.0,18:58,900001.0,395.0,39.33593,-74.22575,7.0,32.3
396.0,18:59,900001.0,396.0,39.33765,-74.2245,7.0,32.1
397.0,18:59,900001.0,397.0,39.33765,-74.2245,7.0,32.1
398.0,19:01,900001.0,398.0,39.34111,-74.222,7.0,31.7
399.0,19:02,900001.0,399.0,39.34285,-74.22077,7.0,31.6
400.0,19:03,900001.0,400.0,39.34459,-74.21953,7.0,31.4
401.0,19:04,900001.0,401.0,39.34634,-74.21831,7.0,31.2
402.0,19:05,900001.0,402.0,39.34809,-74.21708,7.0,31.0
403.0,19:06,900001.0,403.0,39.34985,-74.21586,7.1,30.9
404.0,19:07,900001.0,404.0,39.35161,-74.21465,7.1,30.7
405.0,19:08,900001.0,405.0,39.35337,-74.21344,7.1,30.5
406.0,19:09,900001.0,406.0,39.35514,-74.21224,7.1,30.4
407.0,19:10,900001.0,407.0,39.35691,-74.21103,7.1,30.2
408.0,19:12,900001.0,408.0,39.36045,-74.20864,7.1,29.9
409.0,19:13,900001.0,409.0,39.36223,-74.20745,7.1,29.8
410.0,19:14,900001.0,410.0,39.36402,-74.20626,7.1,29.6
411.0,19:15,900001.0,411.0,39.3658,-74.20508,7.1,29.5
412.0,19:16,900001.0,412.0,39.36759,-74.2039,7.1,29.4
413.0,19:17,900001.0,413.0,39.36938,-74.20272,7.1,29.2
414.0,19:18,900001.0,414.0,39.37117,-74.20155,7.1,29.1
415.0,19:19,900001.0,415.0,39.37296,-74.20037,7.1,29.0
416.0,19:20,900001.0,416.0,39.37476,-74.1992,7.1,28.9
417.0,19:21,900001.0,417.0,39.37656,-74.19803,7.1,28.8
418.0,19:22,900001.0,418.0,39.37836,-74.19686,7.1,28.7
419.0,19:23,900001.0,419.0,39.38016,-74.1957,7.1,28.6
420.0,19:24,900001.0,420.0,39.38196,-74.19454,7.2,28.5
421.0,19:25,900001.0,421.0,39.38376,-74.19337,7.2,28.4
422.0,19:26,900001.0,422.0,39.38557,-74.19221,7.2,28.4
423.0,19:27,900001.0,423.0,39.38737,-74.19105,7.2,28.3
424.0,19:28,900001.0,424.0,39.38918,-74.18989,7.2,28.3
425.0,19:29,900001.0,425.0,39.39099,-74.18873,7.2,28.2
426.0,19:30,900001.0,426.0,39.39279,-74.18758,7.2,28.2
427.0,19:31,900001.0,427.0,39.3946,-74.18642,7.2,28.2
428.0,19:32,900001.0,428.0,39.39641,-74.18526,7.2,28.2
429.0,12:02,900002.0,1.0,37.34462,-74.97939,5.6,106.3
430.0,12:03,900002.0,2.0,37.344,-74.97705,5.6,106.3
431.0,12:04,900002.0,3.0,37.34337,-74.97471,5.6,106.3
432.0,12:05,900002.0,4.0,37.34275,-74.97237,5.7,106.3
433.0,12:06,900002.0,5.0,37.34213,-74.97003,5.7,106.3
434.0,12:07,900002.0,6.0,37.3415,-74.96769,5.7,106.4
435.0,12:09,900002.0,7.0,37.34026,-74.96302,5.8,106.4
436.0,12:10,900002.0,8.0,37.33964,-74.96069,5.8,106.4
437.0,12:11,900002.0,9.0,37.33901,-74.95835,5.8,106.5
438.0,12:12,900002.0,10.0,37.33839,-74.95602,5.8,106.5
439.0,12:13,900002.0,11.0,37.33778,-74.9537,5.8,106.6
440.0,12:14,900002.0,12.0,37.33716,-74.95137,5.9,106.6
441.0,12:15,900002.0,13.0,37.33654,-74.94905,5.9,106.7
442.0,12:17,900002.0,14.0,37.33531,-74.94441,5.9,106.8
443.0,12:18,900002.0,15.0,37.33469,-74.9421,6.0,106.8
444.0,12:19,900002.0,16.0,37.33408,-74.93979,6.0,106.9
445.0,12:20,900002.0,17.0,37.33347,-74.93748,6.0,106.9
446.0,12:21,900002.0,18.0,37.33286,-74.93518,6.0,107.0
447.0,12:23,900002.0,19.0,37.33165,-74.93059,6.1,107.1
448.0,12:24,900002.0,20.0,37.33104,-74.9283,6.1,107.2
449.0,12:25,900002.0,21.0,37.33044,-74.92601,6.1,107.3
450.0,12:26,900002.0,22.0,37.32984,-74.92373,6.1,107.3
451.0,12:27,900002.0,23.0,37.32924,-74.92146,6.1,107.4
452.0,12:28,900002.0,24.0,37.32864,-74.91919,6.2,107.5
453.0,12:30,900002.0,25.0,37.32745,-74.91468,6.2,107.6
454.0,12:31,900002.0,26.0,37.32686,-74.91243,6.2,107.7
455.0,12:32,900002.0,27.0,37.32628,-74.91018,6.2,107.8
456.0,12:33,900002.0,28.0,37.32569,-74.90795,6.3,107.8
457.0,12:34,900002.0,29.0,37.32511,-74.90572,6.3,107.9
458.0,12:36,900002.0,30.0,37.32395,-74.90128,6.3,108.1
459.0,12:37,900002.0,31.0,37.32338,-74.89907,6.3,108.1
460.0,12:38,900002.0,32.0,37.32281,-74.89687,6.4,108.2
461.0,12:39,900002.0,33.0,37.32224,-74.89468,6.4,108.3
462.0,12:40,900002.0,34.0,37.32167,-74.8925,6.4,108.4
463.0,12:41,900002.0,35.0,37.32111,-74.89032,6.4,108.4
464.0,12:43,900002.0,36.0,37.31999,-74.886,6.4,108.6
465.0,12:44,900002.0,37.0,37.31944,-74.88385,6.5,108.6
466.0,12:45,900002.0,38.0,37.31889,-74.88171,6.5,108.7
467.0,12:46,900002.0,39.0,37.31835,-74.87958,6.5,108.8
468.0,12:47,900002.0,40.0,37.31781,-74.87746,6.5,108.8
469.0,12:48,900002.0,41.0,37.31727,-74.87535,6.5,108.9
470.0,12:50,900002.0,42.0,37.3162,-74.87116,6.6,109.0
471.0,12:51,900002.0,43.0,37.31568,-74.86909,6.6,109.0
472.0,12:52,900002.0,44.0,37.31516,-74.86702,6.6,109.1
473.0,12:53,900002.0,45.0,37.31464,-74.86496,6.6,109.1
474.0,12:54,900002.0,46.0,37.31412,-74.86292,6.6,109.2
475.0,12:55,900002.0,47.0,37.31362,-74.86089,6.7,109.2
476.0,12:57,900002.0,48.0,37.31261,-74.85686,6.7,109.3
477.0,12:58,900002.0,49.0,37.31211,-74.85486,6.7,109.3
478.0,12:59,900002.0,50.0,37.31162,-74.85288,6.7,109.3
479.0,13:00,900002.0,51.0,37.31114,-74.8509,6.7,109.4
480.0,13:01,900002.0,52.0,37.31066,-74.84895,6.8,109.4
481.0,13:02,900002.0,53.0,37.31018,-74.847,6.8,109.4
482.0,13:03,900002.0,54.0,37.30971,-74.84507,6.8,109.4
483.0,13:04,900002.0,55.0,37.30924,-74.84315,6.8,109.4
484.0,13:05,900002.0,56.0,37.30878,-74.84125,6.8,109.4
485.0,13:07,900002.0,57.0,37.30787,-74.83747,6.8,109.4
486.0,13:08,900002.0,58.0,37.30742,-74.8356,6.9,109.4
487.0,13:09,900002.0,59.0,37.30697,-74.83374,6.9,109.4
488.0,13:10,900002.0,60.0,37.30653,-74.83189,6.9,109.4
489.0,13:11,900002.0,61.0,37.30609,-74.83005,6.9,109.4
490.0,13:12,900002.0,62.0,37.30565,-74.82821,6.9,109.4
491.0,13:14,900002.0,63.0,37.30478,-74.82455,6.9,109.5
492.0,13:15,900002.0,64.0,37.30434,-74.82273,7.0,109.5
493.0,13:16,900002.0,65.0,37.30391,-74.82091,7.0,109.5
494.0,13:17,900002.0,66.0,37.30347,-74.81909,7.0,109.5
495.0,13:18,900002.0,67.0,37.30303,-74.81727,7.0,109.5
496.0,13:20,900002.0,68.0,37.30215,-74.81363,7.0,109.5
497.0,13:21,900002.0,69.0,37.30171,-74.8118,7.0,109.6
498.0,13:22,900002.0,70.0,37.30127,-74.80997,7.1,109.6
499.0,13:23,900002.0,71.0,37.30082,-74.80814,7.1,109.6
500.0,13:24,900002.0,72.0,37.30036,-74.8063,7.1,109.6
501.0,13:25,900002.0,73.0,37.29991,-74.80446,7.1,109.6
502.0,13:26,900002.0,74.0,37.29945,-74.8026,7.1,109.6
503.0,13:28,900002.0,75.0,37.29851,-74.79886,7.1,109.7
504.0,13:29,900002.0,76.0,37.29803,-74.79698,7.1,109.7
505.0,13:30,900002.0,77.0,37.29754,-74.79508,7.2,109.7
506.0,13:31,900002.0,78.0,37.29705,-74.79317,7.2,109.7
507.0,13:32,900002.0,79.0,37.29655,-74.79125,7.2,109.8
508.0,13:33,900002.0,80.0,37.29604,-74.78931,7.2,109.8
509.0,13:34,900002.0,81.0,37.29553,-74.78735,7.2,109.8
510.0,13:36,900002.0,82.0,37.29447,-74.78339,7.2,109.8
511.0,13:37,900002.0,83.0,37.29392,-74.78138,7.2,109.9
512.0,13:38,900002.0,84.0,37.29337,-74.77934,7.3,109.9
513.0,13:39,900002.0,85.0,37.2928,-74.77729,7.3,109.9
514.0,13:40,900002.0,86.0,37.29223,-74.77522,7.3,109.9
515.0,13:41,900002.0,87.0,37.29164,-74.77312,7.3,110.0
516.0,13:43,900002.0,88.0,37.29043,-74.76884,7.3,110.0
517.0,13:44,900002.0,89.0,37.2898,-74.76667,7.3,110.0
518.0,13:45,900002.0,90.0,37.28916,-74.76446,7.3,110.0
519.0,13:46,900002.0,91.0,37.28851,-74.76223,7.3,110.1
520.0,13:47,900002.0,92.0,37.28784,-74.75997,7.4,110.1
521.0,13:48,900002.0,93.0,37.28715,-74.75767,7.4,110.1
522.0,13:49,900002.0,94.0,37.28645,-74.75535,7.4,110.1
523.0,13:50,900002.0,95.0,37.28574,-74.75299,7.4,110.1
524.0,13:51,900002.0,96.0,37.28501,-74.7506,7.4,110.1
525.0,13:53,900002.0,97.0,37.28349,-74.7457,7.4,110.2
526.0,13:54,900002.0,98.0,37.28271,-74.7432,7.4,110.2
527.0,13:55,900002.0,99.0,37.28191,-74.74066,7.4,110.2
528.0,13:56,900002.0,100.0,37.28109,-74.73809,7.5,110.2
529.0,13:57,900002.0,101.0,37.28025,-74.73547,7.5,110.2
530.0,13:58,900002.0,102.0,37.27939,-74.73281,7.5,110.2
531.0,14:00,900002.0,103.0,37.27761,-74.72736,7.5,110.3
532.0,14:01,900002.0,104.0,37.27669,-74.72457,7.5,110.3
533.0,14:02,900002.0,105.0,37.27575,-74.72174,7.5,110.3
534.0,14:03,900002.0,106.0,37.27478,-74.71885,7.5,110.3
535.0,14:04,900002.0,107.0,37.27379,-74.71592,7.6,110.3
536.0,14:05,900002.0,108.0,37.27278,-74.71295,7.6,110.3
537.0,14:07,900002.0,109.0,37.27069,-74.70684,7.6,110.3
538.0,14:08,900002.0,110.0,37.26961,-74.70371,7.6,110.3
539.0,14:09,900002.0,111.0,37.2685,-74.70053,7.6,110.3
540.0,14:10,900002.0,112.0,37.26737,-74.69729,7.6,110.3
541.0,14:11,900002.0,113.0,37.26622,-74.69401,7.6,110.3
542.0,14:13,900002.0,114.0,37.26385,-74.68731,7.7,110.3
543.0,14:14,900002.0,115.0,37.26263,-74.68389,7.7,110.3
544.0,14:15,900002.0,116.0,37.2614,-74.68043,7.7,110.4
545.0,14:16,900002.0,117.0,37.26015,-74.67693,7.7,110.4
546.0,14:17,900002.0,118.0,37.25888,-74.6734,7.7,110.4
547.0,14:18,900002.0,119.0,37.2576,-74.66983,7.7,110.4
548.0,14:20,900002.0,120.0,37.25499,-74.66258,7.7,110.5
549.0,14:21,900002.0,121.0,37.25367,-74.65892,7.8,110.5
550.0,14:22,900002.0,122.0,37.25233,-74.65522,7.8,110.5
551.0,14:23,900002.0,123.0,37.25099,-74.6515,7.8,110.5
552.0,14:24,900002.0,124.0,37.24963,-74.64775,7.8,110.6
553.0,14:26,900002.0,125.0,37.2469,-74.64019,7.8,110.6
554.0,14:27,900002.0,126.0,37.24553,-74.63639,7.8,110.7
555.0,14:28,900002.0,127.0,37.24415,-74.63256,7.8,110.7
556.0,14:29,900002.0,128.0,37.24277,-74.62872,7.8,110.7
557.0,14:30,900002.0,129.0,37.24138,-74.62487,7.9,110.7
558.0,14:31,900002.0,130.0,37.23999,-74.62101,7.9,110.8
559.0,14:33,900002.0,131.0,37.23721,-74.61325,7.9,110.8
560.0,14:34,900002.0,132.0,37.23583,-74.60937,7.9,110.9
561.0,14:35,900002.0,133.0,37.23444,-74.60548,7.9,110.9
562.0,14:36,900002.0,134.0,37.23306,-74.60158,7.9,111.0
563.0,14:37,900002.0,135.0,37.23168,-74.59769,7.9,111.0
564.0,14:38,900002.0,136.0,37.23031,-74.5938,7.9,111.0
565.0,14:40,900002.0,137.0,37.22759,-74.58604,8.0,111.1
566.0,14:41,900002.0,138.0,37.22624,-74.58217,8.0,111.1
567.0,14:42,900002.0,139.0,37.22491,-74.57831,8.0,111.1
568.0,14:43,900002.0,140.0,37.22358,-74.57446,8.0,111.2
569.0,14:44,900002.0,141.0,37.22226,-74.57062,8.0,111.2
570.0,14:46,900002.0,142.0,37.21967,-74.563,8.0,111.3
571.0,14:47,900002.0,143.0,37.2184,-74.55921,8.1,111.3
572.0,14:48,900002.0,144.0,37.21714,-74.55545,8.1,111.3
573.0,14:49,900002.0,145.0,37.2159,-74.55171,8.1,111.3
574.0,14:50,900002.0,146.0,37.21468,-74.54799,8.1,111.4
575.0,14:52,900002.0,147.0,37.21229,-74.54064,8.1,111.4
576.0,14:53,900002.0,148.0,37.21113,-74.53701,8.1,111.4
577.0,14:54,900002.0,149.0,37.20999,-74.53341,8.1,111.4
578.0,14:55,900002.0,150.0,37.20887,-74.52985,8.1,111.5
579.0,14:56,900002.0,151.0,37.20778,-74.52632,8.1,111.5
580.0,14:57,900002.0,152.0,37.20672,-74.52283,8.2,111.5
581.0,14:58,900002.0,153.0,37.20568,-74.51938,8.2,111.5
582.0,15:00,900002.0,154.0,37.20368,-74.51261,8.2,111.5
583.0,15:01,900002.0,155.0,37.20273,-74.50929,8.2,111.5
584.0,15:02,900002.0,156.0,37.20181,-74.50602,8.2,111.5
585.0,15:03,900002.0,157.0,37.20091,-74.50279,8.2,111.5
586.0,15:05,900002.0,158.0,37.19921,-74.49648,8.2,111.5
587.0,15:06,900002.0,159.0,37.19841,-74.49339,8.3,111.4
588.0,15:07,900002.0,160.0,37.19763,-74.49035,8.3,111.4
589.0,15:08,900002.0,161.0,37.19687,-74.48735,8.3,111.4
590.0,15:09,900002.0,162.0,37.19614,-74.48439,8.3,111.4
591.0,15:10,900002.0,163.0,37.19543,-74.48148,8.3,111.3
592.0,15:11,900002.0,164.0,37.19475,-74.4786,8.3,111.3
593.0,15:12,900002.0,165.0,37.19409,-74.47577,8.3,111.3
594.0,15:14,900002.0,166.0,37.19284,-74.47023,8.3,111.2
595.0,15:15,900002.0,167.0,37.19224,-74.46751,8.3,111.1
596.0,15:16,900002.0,168.0,37.19166,-74.46484,8.3,111.1
597.0,15:17,900002.0,169.0,37.1911,-74.4622,8.4,111.0
598.0,15:18,900002.0,170.0,37.19056,-74.4596,8.4,111.0
599.0,15:19,900002.0,171.0,37.19004,-74.45704,8.4,110.9
600.0,15:21,900002.0,172.0,37.18904,-74.45201,8.4,110.8
601.0,15:22,900002.0,173.0,37.18856,-74.44956,8.4,110.7
602.0,15:23,900002.0,174.0,37.1881,-74.44713,8.4,110.6
603.0,15:24,900002.0,175.0,37.18765,-74.44474,8.4,110.6
604.0,15:25,900002.0,176.0,37.18721,-74.44238,8.4,110.5
605.0,15:26,900002.0,177.0,37.18678,-74.44005,8.4,110.4
606.0,15:28,900002.0,178.0,37.18595,-74.43549,8.5,110.3
607.0,15:29,900002.0,179.0,37.18556,-74.43326,8.5,110.2
608.0,15:30,900002.0,180.0,37.18517,-74.43105,8.5,110.1
609.0,15:31,900002.0,181.0,37.18478,-74.42887,8.5,110.0
610.0,15:32,900002.0,182.0,37.18441,-74.42672,8.5,110.0
611.0,15:33,900002.0,183.0,37.18404,-74.4246,8.5,109.9
612.0,15:35,900002.0,184.0,37.18331,-74.42043,8.5,109.7
613.0,15:36,900002.0,185.0,37.18295,-74.41839,8.5,109.6
614.0,15:37,900002.0,186.0,37.18259,-74.41637,8.5,109.6
615.0,15:39,900002.0,187.0,37.18188,-74.4124,8.5,109.4
616.0,15:40,900002.0,188.0,37.18153,-74.41045,8.5,109.3
617.0,15:41,900002.0,189.0,37.18118,-74.40852,8.5,109.2
618.0,15:42,900002.0,190.0,37.18082,-74.40661,8.5,109.1
619.0,15:44,900002.0,191.0,37.1801,-74.40286,8.5,109.0
620.0,15:45,900002.0,192.0,37.17973,-74.40101,8.5,108.9
621.0,15:46,900002.0,193.0,37.17936,-74.39919,8.5,108.8
622.0,15:47,900002.0,194.0,37.17899,-74.39738,8.4,108.8
623.0,15:48,900002.0,195.0,37.1786,-74.39559,8.4,108.7
624.0,15:49,900002.0,196.0,37.17821,-74.39381,8.4,108.6
625.0,15:51,900002.0,197.0,37.17741,-74.39031,8.3,108.5
626.0,15:52,900002.0,198.0,37.17699,-74.38858,8.3,108.4
627.0,15:53,900002.0,199.0,37.17656,-74.38687,8.2,108.3
628.0,15:55,900002.0,200.0,37.17568,-74.38348,8.1,108.2
629.0,15:56,900002.0,201.0,37.17521,-74.3818,8.0,108.1
630.0,15:58,900002.0,202.0,37.17424,-74.37849,7.9,108.0
631.0,15:59,900002.0,203.0,37.17374,-74.37684,7.8,108.0
632.0,16:00,900002.0,204.0,37.17321,-74.37521,7.8,107.9
633.0,16:01,900002.0,205.0,37.17267,-74.37359,7.7,107.9
634.0,16:03,900002.0,206.0,37.17154,-74.37036,7.5,107.8
635.0,16:04,900002.0,207.0,37.17094,-74.36876,7.4,107.8
636.0,16:05,900002.0,208.0,37.17032,-74.36717,7.4,107.7
637.0,16:06,900002.0,209.0,37.16969,-74.36558,7.3,107.7
638.0,16:07,900002.0,210.0,37.16903,-74.364,7.2,107.7
639.0,16:09,900002.0,211.0,37.16764,-74.36084,7.0,107.6
640.0,16:10,900002.0,212.0,37.16691,-74.35927,6.8,107.6
641.0,16:11,900002.0,213.0,37.16616,-74.3577,6.7,107.6
642.0,16:13,900002.0,214.0,37.16457,-74.35457,6.5,107.6
643.0,16:14,900002.0,215.0,37.16374,-74.35301,6.4,108.4
644.0,16:15,900002.0,216.0,37.16287,-74.35145,6.2,110.6
645.0,16:17,900002.0,217.0,37.16107,-74.3484,6.0,118.3
646.0,16:19,900002.0,218.0,37.15915,-74.3455,5.7,128.6
647.0,16:22,900002.0,219.0,37.15608,-74.34156,5.3,144.4
648.0,16:23,900002.0,220.0,37.155,-74.34039,5.2,148.7
649.0,16:24,900002.0,221.0,37.15389,-74.33931,5.1,152.1
650.0,16:26,900002.0,222.0,37.1516,-74.33745,4.9,155.1
651.0,16:27,900002.0,223.0,37.15041,-74.33668,4.8,155.2
652.0,16:28,900002.0,224.0,37.1492,-74.33602,4.8,155.5
653.0,16:29,900002.0,225.0,37.14797,-74.33546,4.7,155.9
654.0,16:31,900002.0,226.0,37.14543,-74.33461,4.6,157.2
655.0,16:32,900002.0,227.0,37.14413,-74.33431,4.6,158.0
656.0,16:33,900002.0,228.0,37.14282,-74.33408,4.6,158.9
657.0,16:34,900002.0,229.0,37.14149,-74.33392,4.6,159.9
658.0,16:35,900002.0,230.0,37.14014,-74.33381,4.6,161.0
659.0,16:37,900002.0,231.0,37.1374,-74.33374,4.6,163.2
660.0,16:38,900002.0,232.0,37.13602,-74.33377,4.6,164.4
661.0,16:39,900002.0,233.0,37.13463,-74.33383,4.7,165.5
662.0,16:40,900002.0,234.0,37.13323,-74.33391,4.7,166.6
663.0,16:43,900002.0,235.0,37.12899,-74.33422,4.8,169.8
664.0,16:44,900002.0,236.0,37.12758,-74.33432,4.8,170.7
665.0,16:45,900002.0,237.0,37.12616,-74.33442,4.9,171.5
666.0,16:46,900002.0,238.0,37.12474,-74.33449,4.9,172.2
667.0,16:47,900002.0,239.0,37.12333,-74.33454,4.9,172.8
668.0,16:49,900002.0,240.0,37.12052,-74.33454,5.0,173.5
669.0,16:50,900002.0,241.0,37.11912,-74.33447,5.0,173.6
670.0,16:51,900002.0,242.0,37.11773,-74.33435,5.0,173.6
671.0,16:52,900002.0,243.0,37.11635,-74.33418,5.0,173.5
672.0,16:53,900002.0,244.0,37.11498,-74.33396,5.1,173.3
673.0,16:54,900002.0,245.0,37.11361,-74.33369,5.1,173.1
674.0,16:56,900002.0,246.0,37.1109,-74.33301,5.1,172.5
675.0,16:57,900002.0,247.0,37.10956,-74.33261,5.1,172.1
676.0,16:58,900002.0,248.0,37.10823,-74.33216,5.1,171.7
677.0,16:59,900002.0,249.0,37.1069,-74.33167,5.1,171.2
678.0,17:00,900002.0,250.0,37.10558,-74.33114,5.1,170.7
679.0,17:01,900002.0,251.0,37.10426,-74.33057,5.1,170.2
680.0,17:02,900002.0,252.0,37.10295,-74.32996,5.1,169.6
681.0,17:03,900002.0,253.0,37.10165,-74.32932,5.1,169.0
682.0,17:04,900002.0,254.0,37.10035,-74.32864,5.1,168.3
683.0,17:06,900002.0,255.0,37.09778,-74.3272,5.1,167.0
684.0,17:07,900002.0,256.0,37.0965,-74.32643,5.1,166.3
685.0,17:08,900002.0,257.0,37.09522,-74.32563,5.1,165.5
686.0,17:09,900002.0,258.0,37.09395,-74.32481,5.1,164.8
687.0,17:10,900002.0,259.0,37.09269,-74.32396,5.1,164.1
688.0,17:12,900002.0,260.0,37.09017,-74.32219,5.1,162.5
689.0,17:13,900002.0,261.0,37.08892,-74.32128,5.1,161.8
690.0,17:14,900002.0,262.0,37.08767,-74.32034,5.1,161.0
691.0,17:15,900002.0,263.0,37.08643,-74.31939,5.1,160.2
692.0,17:16,900002.0,264.0,37.08519,-74.31842,5.1,159.5
693.0,17:17,900002.0,265.0,37.08395,-74.31744,5.0,158.8
694.0,17:18,900002.0,266.0,37.08272,-74.31644,5.0,158.0
695.0,17:20,900002.0,267.0,37.08027,-74.31441,5.0,156.6
696.0,17:21,900002.0,268.0,37.07904,-74.31338,5.0,156.0
697.0,17:22,900002.0,269.0,37.07782,-74.31234,5.0,155.3
698.0,17:23,900002.0,270.0,37.07661,-74.31129,5.0,154.7
699.0,17:25,900002.0,271.0,37.07418,-74.30919,5.0,153.6
700.0,17:26,900002.0,272.0,37.07297,-74.30814,5.0,153.1
701.0,17:27,900002.0,273.0,37.07176,-74.30708,5.0,152.6
702.0,17:28,900002.0,274.0,37.07055,-74.30603,4.9,152.2
703.0,17:29,900002.0,275.0,37.06934,-74.30498,4.9,151.8
704.0,17:30,900002.0,276.0,37.06814,-74.30393,4.9,151.5
705.0,17:32,900002.0,277.0,37.06573,-74.30185,4.9,151.0
706.0,17:33,900002.0,278.0,37.06452,-74.30082,4.9,150.8
707.0,17:34,900002.0,279.0,37.06332,-74.29981,4.9,150.7
708.0,17:35,900002.0,280.0,37.06212,-74.2988,4.9,150.7
709.0,17:37,900002.0,281.0,37.05972,-74.29682,4.9,150.7
710.0,17:38,900002.0,282.0,37.05851,-74.29585,4.9,150.7
711.0,17:39,900002.0,283.0,37.05731,-74.2949,4.9,150.7
712.0,17:40,900002.0,284.0,37.05611,-74.29395,4.9,150.7
713.0,17:41,900002.0,285.0,37.05491,-74.29302,4.9,150.7
714.0,17:42,900002.0,286.0,37.05371,-74.29209,4.9,150.7
715.0,17:44,900002.0,287.0,37.0513,-74.29027,4.9,150.7
716.0,17:45,900002.0,288.0,37.0501,-74.28938,4.9,150.7
717.0,17:46,900002.0,289.0,37.04889,-74.2885,4.9,150.7
718.0,17:47,900002.0,290.0,37.04769,-74.28762,4.9,150.7
719.0,17:48,900002.0,291.0,37.04649,-74.28675,4.9,150.7
720.0,17:50,900002.0,292.0,37.04407,-74.28505,4.9,150.8
721.0,17:51,900002.0,293.0,37.04287,-74.28421,4.9,150.8
722.0,17:52,900002.0,294.0,37.04166,-74.28337,4.9,150.8
723.0,17:53,900002.0,295.0,37.04045,-74.28255,4.8,150.8
724.0,17:54,900002.0,296.0,37.03924,-74.28173,4.8,150.8
725.0,17:55,900002.0,297.0,37.03803,-74.28092,4.9,150.8
726.0,17:56,900002.0,298.0,37.03682,-74.28011,4.9,150.8
727.0,17:57,900002.0,299.0,37.03561,-74.27931,4.9,150.8
728.0,17:59,900002.0,300.0,37.03319,-74.27773,4.9,150.8
729.0,18:00,900002.0,301.0,37.03197,-74.27695,4.9,150.8
730.0,18:01,900002.0,302.0,37.03076,-74.27617,4.9,150.9
731.0,18:02,900002.0,303.0,37.02954,-74.2754,4.9,150.9
732.0,18:03,900002.0,304.0,37.02832,-74.27463,4.9,150.9
733.0,18:05,900002.0,305.0,37.02588,-74.27311,4.9,150.9
734.0,18:06,900002.0,306.0,37.02465,-74.27235,4.9,150.9
735.0,18:07,900002.0,307.0,37.02343,-74.2716,4.9,150.9
736.0,18:08,900002.0,308.0,37.0222,-74.27084,4.9,150.9
737.0,18:09,900002.0,309.0,37.02098,-74.2701,4.9,150.9
738.0,18:10,900002.0,310.0,37.01975,-74.26935,4.9,150.9
739.0,18:12,900002.0,311.0,37.01728,-74.26786,4.9,151.0
740.0,18:13,900002.0,312.0,37.01605,-74.26712,4.9,151.0
741.0,18:14,900002.0,313.0,37.01481,-74.26638,4.9,151.0
742.0,18:15,900002.0,314.0,37.01357,-74.26564,4.9,151.0
743.0,18:16,900002.0,315.0,37.01233,-74.2649,4.9,151.0
744.0,18:17,900002.0,316.0,37.01109,-74.26416,4.9,151.0
745.0,18:18,900002.0,317.0,37.00984,-74.26342,4.9,151.0
746.0,18:20,900002.0,318.0,37.00735,-74.26194,5.0,151.0
747.0,18:21,900002.0,319.0,37.0061,-74.2612,5.0,151.0
748.0,18:22,900002.0,320.0,37.00484,-74.26045,5.0,151.0
749.0,18:23,900002.0,321.0,37.00358,-74.25971,5.0,151.1
750.0,18:25,900002.0,322.0,37.00106,-74.25821,5.0,151.1
751.0,18:26,900002.0,323.0,36.9998,-74.25746,5.0,151.1
752.0,18:27,900002.0,324.0,36.99853,-74.2567,5.0,151.1
753.0,18:28,900002.0,325.0,36.99727,-74.25594,5.0,151.1
754.0,18:29,900002.0,326.0,36.99599,-74.25518,5.0,151.1
755.0,18:30,900002.0,327.0,36.99472,-74.25441,5.0,151.1
756.0,18:31,900002.0,328.0,36.99344,-74.25364,5.0,151.1
757.0,18:33,900002.0,329.0,36.99088,-74.25208,5.1,151.1
758.0,18:34,900002.0,330.0,36.98959,-74.2513,5.1,151.1
759.0,18:35,900002.0,331.0,36.9883,-74.25051,5.1,151.1
760.0,18:36,900002.0,332.0,36.98701,-74.24971,5.1,151.1
761.0,18:37,900002.0,333.0,36.98571,-74.24891,5.1,151.1
762.0,18:38,900002.0,334.0,36.98442,-74.2481,5.1,151.1
763.0,18:40,900002.0,335.0,36.98181,-74.24646,5.1,151.1
764.0,18:41,900002.0,336.0,36.9805,-74.24564,5.2,151.2
765.0,18:42,900002.0,337.0,36.97919,-74.24481,5.2,151.2
766.0,18:43,900002.0,338.0,36.97788,-74.24397,5.2,151.2
767.0,18:44,900002.0,339.0,36.97657,-74.24313,5.2,151.3
768.0,18:46,900002.0,340.0,36.97393,-74.24144,5.2,151.3
769.0,18:47,900002.0,341.0,36.9726,-74.24059,5.2,151.4
770.0,18:48,900002.0,342.0,36.97128,-74.23974,5.3,151.4
771.0,18:49,900002.0,343.0,36.96995,-74.23888,5.3,151.5
772.0,18:50,900002.0,344.0,36.96862,-74.23802,5.3,151.5
773.0,18:51,900002.0,345.0,36.96729,-74.23715,5.3,151.6
774.0,18:53,900002.0,346.0,36.96463,-74.23541,5.3,151.7
775.0,18:54,900002.0,347.0,36.96329,-74.23454,5.3,151.8
776.0,18:55,900002.0,348.0,36.96195,-74.23367,5.4,151.9
777.0,18:56,900002.0,349.0,36.96061,-74.23279,5.4,151.9
778.0,18:57,900002.0,350.0,36.95927,-74.23191,5.4,152.0
779.0,18:58,900002.0,351.0,36.95793,-74.23103,5.4,152.1
780.0,18:59,900002.0,352.0,36.95658,-74.23015,5.4,152.2
781.0,19:00,900002.0,353.0,36.95524,-74.22927,5.4,152.2
782.0,19:01,900002.0,354.0,36.95389,-74.22839,5.5,152.3
783.0,19:02,900002.0,355.0,36.95254,-74.22751,5.5,152.4
784.0,19:03,900002.0,356.0,36.95119,-74.22663,5.5,152.5
785.0,19:05,900002.0,357.0,36.94849,-74.22486,5.5,152.6
786.0,19:06,900002.0,358.0,36.94714,-74.22398,5.6,152.7
787.0,19:08,900002.0,359.0,36.94443,-74.22221,5.6,152.9
788.0,19:09,900002.0,360.0,36.94308,-74.22133,5.6,152.9
789.0,19:10,900002.0,361.0,36.94173,-74.22046,5.6,153.0
790.0,19:11,900002.0,362.0,36.94037,-74.21958,5.6,153.1
791.0,19:12,900002.0,363.0,36.93902,-74.2187,5.6,153.2
792.0,19:14,900002.0,364.0,36.9363,-74.21696,5.7,153.3
793.0,19:15,900002.0,365.0,36.93495,-74.21609,5.7,153.4
794.0,19:18,900002.0,366.0,36.93088,-74.2135,5.7,153.6
795.0,19:19,900002.0,367.0,36.92953,-74.21264,5.7,153.7
796.0,19:20,900002.0,368.0,36.92817,-74.21179,5.7,153.7
797.0,19:22,900002.0,369.0,36.92546,-74.21009,5.7,153.9
798.0,19:23,900002.0,370.0,36.92411,-74.20925,5.7,153.9
799.0,19:24,900002.0,371.0,36.92276,-74.20841,5.7,154.0
800.0,19:26,900002.0,372.0,36.92005,-74.20675,5.7,154.1
801.0,19:27,900002.0,373.0,36.9187,-74.20593,5.7,154.1
802.0,19:28,900002.0,374.0,36.91735,-74.20511,5.6,154.1
803.0,19:29,900002.0,375.0,36.91601,-74.2043,5.6,154.2
804.0,19:30,900002.0,376.0,36.91466,-74.20349,5.6,154.2
805.0,19:32,900002.0,377.0,36.91197,-74.2019,5.6,154.3
806.0,19:33,900002.0,378.0,36.91062,-74.20111,5.6,154.3
807.0,19:34,900002.0,379.0,36.90928,-74.20033,5.5,154.3
808.0,19:36,900002.0,380.0,36.9066,-74.19879,5.5,154.3
809.0,19:43,900002.0,381.0,36.89727,-74.1936,5.3,154.2
810.0,19:44,900002.0,382.0,36.89594,-74.19287,5.3,154.2
811.0,19:45,900002.0,383.0,36.89462,-74.19215,5.2,154.1
812.0,19:46,900002.0,384.0,36.8933,-74.19144,5.2,154.1
813.0,19:47,900002.0,385.0,36.89197,-74.19072,5.2,154.0
814.0,19:49,900002.0,386.0,36.88933,-74.1893,5.1,154.0
815.0,19:52,900002.0,387.0,36.88538,-74.18716,5.0,153.8
816.0,19:54,900002.0,388.0,36.88276,-74.18574,4.9,153.7
817.0,19:56,900002.0,389.0,36.88014,-74.1843,4.8,153.5
818.0,19:58,900002.0,390.0,36.87752,-74.18286,4.7,153.4
819.0,19:59,900002.0,391.0,36.87622,-74.18213,4.6,153.3
820.0,20:00,900002.0,392.0,36.87491,-74.1814,4.5,153.3
821.0,20:01,900002.0,393.0,36.87361,-74.18066,4.5,153.2
822.0,20:02,900002.0,394.0,36.87231,-74.17992,4.4,153.1
823.0,20:03,900002.0,395.0,36.871,-74.17917,4.4,153.0
824.0,20:04,900002.0,396.0,36.8697,-74.17842,4.3,153.0
825.0,20:05,900002.0,397.0,36.86841,-74.17766,4.2,152.9
826.0,20:07,900002.0,398.0,36.86581,-74.17611,4.1,152.7
827.0,20:08,900002.0,399.0,36.86452,-74.17533,4.0,152.6
828.0,20:09,900002.0,400.0,36.86322,-74.17453,4.0,152.6
829.0,20:11,900002.0,401.0,36.86063,-74.17292,3.8,152.4
830.0,20:12,900002.0,402.0,36.85934,-74.17209,3.8,152.3
831.0,20:13,900002.0,403.0,36.85805,-74.17126,3.7,152.2
832.0,20:14,900002.0,404.0,36.85676,-74.17041,3.6,152.2
833.0,20:16,900002.0,405.0,36.85419,-74.16868,3.5,152.0
834.0,20:20,900002.0,406.0,36.84904,-74.16507,3.4,151.7
835.0,20:22,900002.0,407.0,36.84648,-74.16317,3.4,151.5
836.0,20:23,900002.0,408.0,36.8452,-74.1622,3.4,151.5
837.0,20:24,900002.0,409.0,36.84392,-74.16121,3.4,151.4
838.0,20:25,900002.0,410.0,36.84264,-74.1602,3.5,151.3
839.0,20:26,900002.0,411.0,36.84136,-74.15918,3.5,151.3
840.0,20:27,900002.0,412.0,36.84008,-74.15814,3.5,151.2
841.0,20:29,900002.0,413.0,36.83752,-74.156,3.6,151.1
842.0,20:30,900002.0,414.0,36.83624,-74.1549,3.6,151.0
843.0,20:31,900002.0,415.0,36.83497,-74.15378,3.7,150.9
844.0,20:32,900002.0,416.0,36.83369,-74.15264,3.8,150.9
845.0,20:33,900002.0,417.0,36.83242,-74.15148,3.8,150.8
846.0,20:35,900002.0,418.0,36.82987,-74.1491,4.0,150.8
847.0,20:36,900002.0,419.0,36.8286,-74.14787,4.1,150.7
848.0,20:37,900002.0,420.0,36.82732,-74.14662,4.2,150.7
849.0,20:39,900002.0,421.0,36.82478,-74.14405,4.4,150.6
850.0,20:40,900002.0,422.0,36.82351,-74.14273,4.5,150.6
851.0,20:41,900002.0,423.0,36.82224,-74.14138,4.6,150.6
852.0,20:43,900002.0,424.0,36.8197,-74.13861,4.9,150.5
853.0,20:44,900002.0,425.0,36.81843,-74.13718,5.0,150.5
854.0,20:45,900002.0,426.0,36.81716,-74.13573,5.1,150.5
855.0,20:46,900002.0,427.0,36.81589,-74.13425,5.3,150.5
856.0,20:47,900002.0,428.0,36.81463,-74.13274,5.5,147.4
857.0,20:49,900002.0,429.0,36.81229,-74.12967,5.8,128.6
858.0,20:51,900002.0,430.0,36.81051,-74.12656,6.1,105.8
859.0,20:52,900002.0,431.0,36.80994,-74.12502,6.2,97.9
860.0,20:53,900002.0,432.0,36.80964,-74.12348,6.3,94.8
861.0,20:54,900002.0,433.0,36.80965,-74.12196,6.3,92.6
862.0,20:55,900002.0,434.0,36.80996,-74.12048,6.3,86.6
863.0,20:56,900002.0,435.0,36.81053,-74.11903,6.3,77.4
864.0,20:57,900002.0,436.0,36.81133,-74.11764,6.2,65.8
865.0,20:59,900002.0,437.0,36.81353,-74.11506,6.0,37.9
866.0,21:00,900002.0,438.0,36.81487,-74.1139,5.8,23.1
867.0,21:02,900002.0,439.0,36.81787,-74.11188,5.5,355.2
868.0,21:03,900002.0,440.0,36.81948,-74.11105,5.4,343.6
869.0,21:04,900002.0,441.0,36.82112,-74.11035,5.2,334.4
870.0,21:06,900002.0,442.0,36.82439,-74.1094,5.0,326.2
871.0,21:07,900002.0,443.0,36.82596,-74.10917,4.9,326.2
872.0,21:09,900002.0,444.0,36.82895,-74.10919,4.7,325.9
873.0,21:10,900002.0,445.0,36.83038,-74.10942,4.6,325.6
874.0,21:11,900002.0,446.0,36.83175,-74.10981,4.6,325.3
875.0,21:12,900002.0,447.0,36.83309,-74.11033,4.5,325.0
876.0,21:13,900002.0,448.0,36.83438,-74.11098,4.4,324.6
877.0,21:14,900002.0,449.0,36.83562,-74.11176,4.4,324.2
878.0,21:16,900002.0,450.0,36.83801,-74.11369,4.3,323.2
879.0,21:17,900002.0,451.0,36.83915,-74.11482,4.3,322.7
880.0,21:18,900002.0,452.0,36.84025,-74.11605,4.3,322.1
881.0,21:19,900002.0,453.0,36.84133,-74.11738,4.3,321.6
882.0,21:20,900002.0,454.0,36.84237,-74.11881,4.3,321.0
883.0,21:22,900002.0,455.0,36.84438,-74.12191,4.4,319.8
884.0,21:23,900002.0,456.0,36.84534,-74.12358,4.4,319.3
885.0,21:24,900002.0,457.0,36.84629,-74.12532,4.5,318.7
886.0,21:25,900002.0,458.0,36.84721,-74.12712,4.5,318.2
887.0,21:26,900002.0,459.0,36.84812,-74.12898,4.6,317.7
888.0,21:28,900002.0,460.0,36.84988,-74.13285,4.7,316.8
889.0,21:29,900002.0,461.0,36.85074,-74.13484,4.8,316.4
890.0,21:30,900002.0,462.0,36.85159,-74.13688,4.9,316.1
891.0,21:32,900002.0,463.0,36.85327,-74.14102,5.2,315.5
892.0,21:33,900002.0,464.0,36.85409,-74.14313,5.3,315.3
893.0,21:35,900002.0,465.0,36.85574,-74.14736,5.6,315.2
894.0,13:25,900003.0,1.0,35.62906,-74.91722,12.8,8.6
895.0,13:26,900003.0,2.0,35.63266,-74.91628,12.8,8.5
896.0,13:27,900003.0,3.0,35.63626,-74.91535,12.9,8.3
897.0,13:29,900003.0,4.0,35.64346,-74.91349,12.9,7.6
898.0,13:30,900003.0,5.0,35.64706,-74.91258,12.9,7.1
899.0,13:31,900003.0,6.0,35.65066,-74.91167,12.9,6.5
900.0,13:32,900003.0,7.0,35.65426,-74.91078,12.9,5.8
901.0,13:33,900003.0,8.0,35.65786,-74.9099,12.9,5.1
902.0,13:34,900003.0,9.0,35.66146,-74.90903,12.9,4.3
903.0,13:36,900003.0,10.0,35.66865,-74.90736,12.9,2.7
904.0,13:37,900003.0,11.0,35.67225,-74.90656,12.9,2.0
905.0,13:38,900003.0,12.0,35.67584,-74.90578,12.9,1.2
906.0,13:39,900003.0,13.0,35.67944,-74.90503,12.9,0.4
907.0,13:40,900003.0,14.0,35.68303,-74.90431,12.8,359.7
908.0,13:41,900003.0,15.0,35.68662,-74.90361,12.8,359.0
909.0,13:43,900003.0,16.0,35.6938,-74.90232,12.8,357.9
910.0,13:44,900003.0,17.0,35.69739,-74.90173,12.7,357.5
911.0,13:45,900003.0,18.0,35.70097,-74.90118,12.7,357.2
912.0,13:46,900003.0,19.0,35.70456,-74.90067,12.6,357.0
913.0,13:47,900003.0,20.0,35.70814,-74.9002,12.6,356.9
914.0,13:49,900003.0,21.0,35.7153,-74.89939,12.5,356.8
915.0,13:50,900003.0,22.0,35.71887,-74.89906,12.4,356.7
916.0,13:51,900003.0,23.0,35.72244,-74.89877,12.4,356.6
917.0,13:52,900003.0,24.0,35.72601,-74.89852,12.3,356.4
918.0,13:54,900003.0,25.0,35.73313,-74.89816,12.2,356.0
919.0,13:55,900003.0,26.0,35.73667,-74.89805,12.1,355.8
920.0,13:56,900003.0,27.0,35.74021,-74.89798,12.0,355.5
921.0,13:57,900003.0,28.0,35.74375,-74.89795,12.0,355.1
922.0,13:58,900003.0,29.0,35.74727,-74.89797,11.9,354.8
923.0,14:00,900003.0,30.0,35.75429,-74.89814,11.7,354.0
924.0,14:01,900003.0,31.0,35.75778,-74.8983,11.6,353.6
925.0,14:02,900003.0,32.0,35.76126,-74.89849,11.5,353.2
926.0,14:03,900003.0,33.0,35.76472,-74.89874,11.4,352.7
927.0,14:04,900003.0,34.0,35.76818,-74.89902,11.3,352.2
928.0,14:05,900003.0,35.0,35.77161,-74.89935,11.2,351.7
929.0,14:07,900003.0,36.0,35.77845,-74.90015,11.0,350.6
930.0,14:08,900003.0,37.0,35.78184,-74.90061,10.9,350.1
931.0,14:09,900003.0,38.0,35.78521,-74.90112,10.7,349.5
932.0,14:10,900003.0,39.0,35.78857,-74.90167,10.6,348.9
933.0,14:11,900003.0,40.0,35.79191,-74.90227,10.5,348.3
934.0,14:12,900003.0,41.0,35.79523,-74.90291,10.3,347.7
935.0,14:13,900003.0,42.0,35.79853,-74.9036,10.2,347.1
936.0,14:15,900003.0,43.0,35.80506,-74.9051,9.9,345.9
937.0,14:16,900003.0,44.0,35.8083,-74.90592,9.8,345.2
938.0,14:17,900003.0,45.0,35.81151,-74.90678,9.6,344.6
939.0,14:18,900003.0,46.0,35.8147,-74.90769,9.5,343.9
940.0,14:19,900003.0,47.0,35.81786,-74.90864,9.3,343.3
941.0,14:20,900003.0,48.0,35.821,-74.90964,9.2,342.6
942.0,14:22,900003.0,49.0,35.8272,-74.91176,8.9,341.3
943.0,14:23,900003.0,50.0,35.83025,-74.91289,8.7,340.7
944.0,14:24,900003.0,51.0,35.83328,-74.91407,8.6,340.0
945.0,14:25,900003.0,52.0,35.83629,-74.91528,8.5,339.4
946.0,14:26,900003.0,53.0,35.83926,-74.91655,8.3,338.7
947.0,14:27,900003.0,54.0,35.8422,-74.91785,8.2,338.1
948.0,14:29,900003.0,55.0,35.84799,-74.9206,8.1,336.9
949.0,14:30,900003.0,56.0,35.85084,-74.92204,8.0,336.3
950.0,14:31,900003.0,57.0,35.85365,-74.92352,7.9,335.7
951.0,14:32,900003.0,58.0,35.85643,-74.92505,7.9,335.1
952.0,14:33,900003.0,59.0,35.85917,-74.92662,7.8,334.5
953.0,14:34,900003.0,60.0,35.86188,-74.92823,7.8,334.0
954.0,14:36,900003.0,61.0,35.86719,-74.9316,7.7,332.9
955.0,14:37,900003.0,62.0,35.86979,-74.93335,7.7,332.4
956.0,14:38,900003.0,63.0,35.87235,-74.93514,7.7,331.9
957.0,14:39,900003.0,64.0,35.87487,-74.93698,7.8,331.4
958.0,14:40,900003.0,65.0,35.87735,-74.93886,7.8,331.0
959.0,14:41,900003.0,66.0,35.8798,-74.94079,7.8,330.6
960.0,14:42,900003.0,67.0,35.8822,-74.94276,7.8,330.2
961.0,14:44,900003.0,68.0,35.88687,-74.94683,8.0,329.5
962.0,14:45,900003.0,69.0,35.88914,-74.94893,8.0,329.1
963.0,14:46,900003.0,70.0,35.89137,-74.95108,8.1,328.8
964.0,14:47,900003.0,71.0,35.89355,-74.95327,8.2,328.6
965.0,14:48,900003.0,72.0,35.89569,-74.9555,8.3,328.4
966.0,14:49,900003.0,73.0,35.89778,-74.95778,8.4,328.2
967.0,14:51,900003.0,74.0,35.90182,-74.96247,8.7,327.9
968.0,14:52,900003.0,75.0,35.90376,-74.96488,8.8,327.8
969.0,14:53,900003.0,76.0,35.90566,-74.96734,8.9,327.7
970.0,14:54,900003.0,77.0,35.90751,-74.96984,9.1,327.7
971.0,14:55,900003.0,78.0,35.90931,-74.97238,9.3,327.7
972.0,14:57,900003.0,79.0,35.9128,-74.97754,9.6,327.7
973.0,14:58,900003.0,80.0,35.91452,-74.98014,9.8,327.7
974.0,14:59,900003.0,81.0,35.91624,-74.98272,10.0,327.6
975.0,15:00,900003.0,82.0,35.91796,-74.98528,10.2,327.6
976.0,15:01,900003.0,83.0,35.9197,-74.98781,10.4,327.6
977.0,15:02,900003.0,84.0,35.92148,-74.99028,10.6,327.6
978.0,15:03,900003.0,85.0,35.9233,-74.99269,10.8,327.6
979.0,15:04,900003.0,86.0,35.92517,-74.99503,11.0,327.6
980.0,15:06,900003.0,87.0,35.92909,-74.99947,11.3,327.6
981.0,15:07,900003.0,88.0,35.93112,-75.00159,11.5,327.7
982.0,15:08,900003.0,89.0,35.93321,-75.00363,11.6,327.7
983.0,15:09,900003.0,90.0,35.93535,-75.0056,11.8,327.7
984.0,15:11,900003.0,91.0,35.93978,-75.00935,12.1,327.8
985.0,15:12,900003.0,92.0,35.94207,-75.01112,12.2,327.9
986.0,15:13,900003.0,93.0,35.9444,-75.01283,12.3,328.0
987.0,15:14,900003.0,94.0,35.94679,-75.01448,12.4,328.0
988.0,15:15,900003.0,95.0,35.94921,-75.01607,12.5,328.1
989.0,15:17,900003.0,96.0,35.9542,-75.01907,12.8,328.3
990.0,15:18,900003.0,97.0,35.95675,-75.02048,12.9,328.4
991.0,15:19,900003.0,98.0,35.95935,-75.02184,12.9,328.5
992.0,15:20,900003.0,99.0,35.96199,-75.02315,13.0,328.6
993.0,15:21,900003.0,100.0,35.96467,-75.0244,13.1,328.7
994.0,15:22,900003.0,101.0,35.96739,-75.02561,13.2,328.8
995.0,15:24,900003.0,102.0,35.97293,-75.02787,13.3,329.1
996.0,15:25,900003.0,103.0,35.97576,-75.02893,13.4,329.2
997.0,15:26,900003.0,104.0,35.97862,-75.02995,13.4,329.3
998.0,15:27,900003.0,105.0,35.98151,-75.03093,13.5,329.5
999.0,15:28,900003.0,106.0,35.98444,-75.03186,13.5,329.6
1000.0,15:30,900003.0,107.0,35.99039,-75.03361,13.6,329.9
1001.0,15:31,900003.0,108.0,35.99341,-75.03443,13.6,330.0
1002.0,15:32,900003.0,109.0,35.99646,-75.03521,13.6,330.2
1003.0,15:33,900003.0,110.0,35.99953,-75.03596,13.6,330.3
1004.0,15:34,900003.0,111.0,36.00263,-75.03668,13.6,330.5
1005.0,15:36,900003.0,112.0,36.00892,-75.03802,13.6,330.8
1006.0,15:37,900003.0,113.0,36.01209,-75.03865,13.6,331.0
1007.0,15:38,900003.0,114.0,36.01529,-75.03925,13.6,331.2
1008.0,15:39,900003.0,115.0,36.01851,-75.03983,13.6,331.3
1009.0,15:40,900003.0,116.0,36.02176,-75.04038,13.5,331.5
1010.0,15:41,900003.0,117.0,36.02502,-75.04091,13.5,331.7
1011.0,15:42,900003.0,118.0,36.0283,-75.04143,13.5,331.8
1012.0,15:44,900003.0,119.0,36.03492,-75.04239,13.4,332.2
1013.0,15:45,900003.0,120.0,36.03825,-75.04285,13.3,332.4
1014.0,15:46,900003.0,121.0,36.0416,-75.04329,13.2,332.5
1015.0,15:47,900003.0,122.0,36.04496,-75.04372,13.2,332.7
1016.0,15:48,900003.0,123.0,36.04834,-75.04414,13.1,332.9
1017.0,15:49,900003.0,124.0,36.05173,-75.04455,13.0,333.1
1018.0,15:51,900003.0,125.0,36.05853,-75.04534,12.9,333.4
1019.0,15:52,900003.0,126.0,36.06195,-75.04573,12.8,333.6
1020.0,15:53,900003.0,127.0,36.06538,-75.04611,12.7,333.8
1021.0,15:54,900003.0,128.0,36.06881,-75.04649,12.7,333.9
1022.0,15:55,900003.0,129.0,36.07225,-75.04686,12.6,334.1
1023.0,15:57,900003.0,130.0,36.07915,-75.04762,12.5,334.4
1024.0,15:58,900003.0,131.0,36.0826,-75.048,12.4,334.6
1025.0,15:59,900003.0,132.0,36.08606,-75.04839,12.3,334.8
1026.0,16:00,900003.0,133.0,36.08952,-75.04879,12.3,334.9
1027.0,16:01,900003.0,134.0,36.09297,-75.04919,12.2,335.1
1028.0,16:02,900003.0,135.0,36.09643,-75.0496,12.1,335.3
1029.0,16:03,900003.0,136.0,36.09989,-75.05002,12.1,335.4
1030.0,16:04,900003.0,137.0,36.10334,-75.05045,12.0,335.6
1031.0,16:05,900003.0,138.0,36.10679,-75.0509,12.0,335.7
1032.0,16:07,900003.0,139.0,36.11368,-75.05183,11.9,336.0
1033.0,16:08,900003.0,140.0,36.11711,-75.05233,11.8,336.1
1034.0,16:09,900003.0,141.0,36.12054,-75.05284,11.8,336.3
1035.0,16:10,900003.0,142.0,36.12396,-75.05338,11.7,336.4
1036.0,16:11,900003.0,143.0,36.12737,-75.05394,11.7,336.5
1037.0,16:12,900003.0,144.0,36.13076,-75.05452,11.6,336.7
1038.0,16:14,900003.0,145.0,36.13753,-75.05576,11.5,336.9
1039.0,16:15,900003.0,146.0,36.14089,-75.05642,11.5,337.0
1040.0,16:16,900003.0,147.0,36.14424,-75.05712,11.4,337.1
1041.0,16:17,900003.0,148.0,36.14757,-75.05784,11.4,337.2
1042.0,16:18,900003.0,149.0,36.15089,-75.0586,11.4,337.3
1043.0,16:19,900003.0,150.0,36.15419,-75.05939,11.3,337.4
1044.0,16:20,900003.0,151.0,36.15747,-75.06021,11.3,337.5
1045.0,16:22,900003.0,152.0,36.16398,-75.06198,11.2,337.6
1046.0,16:23,900003.0,153.0,36.1672,-75.06292,11.2,337.7
1047.0,16:24,900003.0,154.0,36.1704,-75.06391,11.1,337.8
1048.0,16:25,900003.0,155.0,36.17357,-75.06494,11.1,337.8
1049.0,16:26,900003.0,156.0,36.17673,-75.06601,11.1,337.9
1050.0,16:27,900003.0,157.0,36.17986,-75.06713,11.0,337.9
1051.0,16:28,900003.0,158.0,36.18296,-75.06829,11.0,337.9
1052.0,16:29,900003.0,159.0,36.18603,-75.06951,11.0,338.0
1053.0,16:31,900003.0,160.0,36.1921,-75.07209,10.9,338.0
1054.0,16:32,900003.0,161.0,36.19509,-75.07346,10.9,338.0
1055.0,16:33,900003.0,162.0,36.19805,-75.07489,10.9,338.0
1056.0,16:34,900003.0,163.0,36.20098,-75.07637,10.9,338.0
1057.0,16:35,900003.0,164.0,36.20388,-75.0779,10.8,337.9
1058.0,16:36,900003.0,165.0,36.20675,-75.07948,10.8,337.8
1059.0,16:37,900003.0,166.0,36.20959,-75.08112,10.8,337.7
1060.0,16:38,900003.0,167.0,36.2124,-75.0828,10.8,337.6
1061.0,16:40,900003.0,168.0,36.21795,-75.08632,10.7,337.3
1062.0,16:41,900003.0,169.0,36.22069,-75.08814,10.7,337.1
1063.0,16:42,900003.0,170.0,36.2234,-75.09002,10.7,336.9
1064.0,16:43,900003.0,171.0,36.22608,-75.09194,10.7,336.7
1065.0,16:44,900003.0,172.0,36.22874,-75.0939,10.7,336.5
1066.0,16:45,900003.0,173.0,36.23138,-75.0959,10.7,336.2
1067.0,16:46,900003.0,174.0,36.23399,-75.09795,10.7,336.0
1068.0,16:47,900003.0,175.0,36.23658,-75.10003,10.7,335.7
1069.0,16:49,900003.0,176.0,36.2417,-75.10432,10.7,335.1
1070.0,16:50,900003.0,177.0,36.24423,-75.10652,10.7,334.8
1071.0,16:51,900003.0,178.0,36.24674,-75.10875,10.7,334.5
1072.0,16:52,900003.0,179.0,36.24923,-75.11103,10.7,334.1
1073.0,16:53,900003.0,180.0,36.2517,-75.11333,10.7,333.8
1074.0,16:55,900003.0,181.0,36.25658,-75.11804,10.7,333.1
1075.0,16:56,900003.0,182.0,36.259,-75.12044,10.7,332.7
1076.0,16:57,900003.0,183.0,36.2614,-75.12287,10.7,332.3
1077.0,16:58,900003.0,184.0,36.26379,-75.12533,10.7,332.0
1078.0,16:59,900003.0,185.0,36.26616,-75.12781,10.7,331.6
1079.0,17:00,900003.0,186.0,36.26851,-75.13033,10.7,331.2
1080.0,17:01,900003.0,187.0,36.27085,-75.13286,10.7,330.8
1081.0,17:02,900003.0,188.0,36.27318,-75.13543,10.7,330.4
1082.0,17:03,900003.0,189.0,36.27549,-75.13801,10.7,330.0
1083.0,17:04,900003.0,190.0,36.2778,-75.14062,10.7,329.6
1084.0,17:06,900003.0,191.0,36.28237,-75.1459,10.8,328.8
1085.0,17:07,900003.0,192.0,36.28464,-75.14857,10.8,328.3
1086.0,17:08,900003.0,193.0,36.2869,-75.15126,10.8,327.9
1087.0,17:09,900003.0,194.0,36.28915,-75.15396,10.8,327.5
1088.0,17:10,900003.0,195.0,36.29139,-75.15668,10.8,327.1
1089.0,17:11,900003.0,196.0,36.29362,-75.15942,10.8,326.7
1090.0,17:13,900003.0,197.0,36.29807,-75.16493,10.9,325.9
1091.0,17:14,900003.0,198.0,36.30028,-75.16771,10.9,325.5
1092.0,17:15,900003.0,199.0,36.30249,-75.17049,10.9,325.2
1093.0,17:16,900003.0,200.0,36.30469,-75.17329,10.9,324.8
1094.0,17:17,900003.0,201.0,36.30689,-75.17609,10.9,324.4
1095.0,17:18,900003.0,202.0,36.30909,-75.1789,10.9,324.1
1096.0,17:20,900003.0,203.0,36.31347,-75.18454,11.0,323.4
1097.0,17:21,900003.0,204.0,36.31565,-75.18737,11.0,323.0
1098.0,17:22,900003.0,205.0,36.31784,-75.1902,11.0,322.7
1099.0,17:23,900003.0,206.0,36.32002,-75.19303,11.0,322.4
1100.0,17:24,900003.0,207.0,36.32221,-75.19587,11.0,322.1
1101.0,17:25,900003.0,208.0,36.32439,-75.1987,11.0,321.8
1102.0,17:27,900003.0,209.0,36.32876,-75.20437,11.1,321.3
1103.0,17:28,900003.0,210.0,36.33095,-75.2072,11.1,321.0
1104.0,17:29,900003.0,211.0,36.33314,-75.21002,11.1,320.8
1105.0,17:30,900003.0,212.0,36.33533,-75.21285,11.1,320.6
1106.0,17:31,900003.0,213.0,36.33753,-75.21566,11.1,320.4
1107.0,17:32,900003.0,214.0,36.33974,-75.21847,11.1,320.2
1108.0,17:33,900003.0,215.0,36.34194,-75.22127,11.1,320.0
1109.0,17:35,900003.0,216.0,36.34638,-75.22683,11.1,319.8
1110.0,17:36,900003.0,217.0,36.3486,-75.2296,11.2,319.7
1111.0,17:37,900003.0,218.0,36.35084,-75.23236,11.2,319.6
1112.0,17:38,900003.0,219.0,36.35308,-75.2351,11.2,319.5
1113.0,17:39,900003.0,220.0,36.35533,-75.23783,11.2,319.5
1114.0,17:40,900003.0,221.0,36.35759,-75.24054,11.2,319.5
1115.0,17:42,900003.0,222.0,36.36214,-75.24592,11.2,319.5
1116.0,17:43,900003.0,223.0,36.36443,-75.24858,11.2,319.5
1117.0,17:44,900003.0,224.0,36.36673,-75.25123,11.2,319.6
1118.0,17:45,900003.0,225.0,36.36903,-75.25386,11.2,319.6
1119.0,17:46,900003.0,226.0,36.37135,-75.25648,11.3,319.6
1120.0,17:47,900003.0,227.0,36.37367,-75.25908,11.3,319.7
1121.0,17:49,900003.0,228.0,36.37835,-75.26424,11.3,319.8
1122.0,17:50,900003.0,229.0,36.3807,-75.26681,11.3,319.8
1123.0,17:51,900003.0,230.0,36.38305,-75.26936,11.3,319.9
1124.0,17:52,900003.0,231.0,36.38542,-75.27189,11.3,320.0
1125.0,17:53,900003.0,232.0,36.38779,-75.27441,11.3,320.0
1126.0,17:55,900003.0,233.0,36.39256,-75.27943,11.3,320.2
1127.0,17:56,900003.0,234.0,36.39495,-75.28191,11.3,320.3
1128.0,17:57,900003.0,235.0,36.39735,-75.28439,11.3,320.3
1129.0,17:58,900003.0,236.0,36.39975,-75.28686,11.4,320.4
1130.0,17:59,900003.0,237.0,36.40217,-75.28931,11.4,320.5
1131.0,18:00,900003.0,238.0,36.40458,-75.29176,11.4,320.6
1132.0,18:01,900003.0,239.0,36.40701,-75.29419,11.4,320.7
1133.0,18:02,900003.0,240.0,36.40944,-75.29662,11.4,320.8
1134.0,18:03,900003.0,241.0,36.41187,-75.29904,11.4,320.9
1135.0,18:04,900003.0,242.0,36.41431,-75.30145,11.4,321.0
1136.0,18:06,900003.0,243.0,36.41921,-75.30624,11.4,321.1
1137.0,18:07,900003.0,244.0,36.42166,-75.30863,11.4,321.2
1138.0,18:08,900003.0,245.0,36.42412,-75.311,11.4,321.3
1139.0,18:09,900003.0,246.0,36.42658,-75.31338,11.4,321.4
1140.0,18:10,900003.0,247.0,36.42905,-75.31574,11.4,321.5
1141.0,18:12,900003.0,248.0,36.43399,-75.32045,11.4,321.6
1142.0,18:13,900003.0,249.0,36.43647,-75.3228,11.4,321.7
1143.0,18:14,900003.0,250.0,36.43895,-75.32514,11.5,321.8
1144.0,18:15,900003.0,251.0,36.44143,-75.32748,11.5,321.9
1145.0,18:16,900003.0,252.0,36.44391,-75.32981,11.5,321.9
1146.0,18:17,900003.0,253.0,36.4464,-75.33214,11.5,322.0
1147.0,18:19,900003.0,254.0,36.45138,-75.33678,11.5,322.1
1148.0,18:20,900003.0,255.0,36.45388,-75.3391,11.5,322.2
1149.0,18:21,900003.0,256.0,36.45637,-75.34141,11.5,322.2
1150.0,18:22,900003.0,257.0,36.45887,-75.34373,11.5,322.3
1151.0,18:23,900003.0,258.0,36.46137,-75.34604,11.5,322.3
1152.0,18:24,900003.0,259.0,36.46387,-75.34835,11.5,322.3
1153.0,18:26,900003.0,260.0,36.46887,-75.35296,11.5,322.4
1154.0,18:27,900003.0,261.0,36.47137,-75.35526,11.5,322.4
1155.0,18:28,900003.0,262.0,36.47387,-75.35757,11.5,322.4
1156.0,18:51,900004.0,1.0,27.5623,-79.71042,14.6,6.6
1157.0,18:52,900004.0,2.0,27.56665,-79.71024,14.6,6.6
1158.0,18:53,900004.0,3.0,27.57099,-79.71005,14.6,6.5
1159.0,18:54,900004.0,4.0,27.57534,-79.70987,14.6,6.4
1160.0,18:55,900004.0,5.0,27.57968,-79.70969,14.7,6.3
1161.0,18:56,900004.0,6.0,27.58402,-79.70952,14.7,6.2
1162.0,18:57,900004.0,7.0,27.58837,-79.70935,14.7,6.0
1163.0,18:58,900004.0,8.0,27.59271,-79.70919,14.7,5.8
1164.0,18:59,900004.0,9.0,27.59705,-79.70903,14.7,5.5
1165.0,19:00,900004.0,10.0,27.60138,-79.70888,14.7,5.3
1166.0,19:01,900004.0,11.0,27.60572,-79.70875,14.7,5.0
1167.0,19:02,900004.0,12.0,27.61005,-79.70862,14.8,4.7
1168.0,19:03,900004.0,13.0,27.61438,-79.7085,14.8,4.3
1169.0,19:04,900004.0,14.0,27.61871,-79.7084,14.8,4.0
1170.0,19:05,900004.0,15.0,27.62303,-79.70831,14.8,3.6
1171.0,19:06,900004.0,16.0,27.62735,-79.70823,14.8,3.2
1172.0,19:07,900004.0,17.0,27.63166,-79.70817,14.8,2.8
1173.0,19:08,900004.0,18.0,27.63598,-79.70813,14.8,2.4
1174.0,19:09,900004.0,19.0,27.64028,-79.70811,14.8,1.9
1175.0,19:11,900004.0,20.0,27.64888,-79.70811,14.8,1.0
1176.0,19:12,900004.0,21.0,27.65318,-79.70815,14.9,0.5
1177.0,19:13,900004.0,22.0,27.65747,-79.7082,14.9,0.0
1178.0,19:14,900004.0,23.0,27.66175,-79.70828,14.9,359.5
1179.0,19:15,900004.0,24.0,27.66602,-79.70839,14.9,359.0
1180.0,19:16,900004.0,25.0,27.67029,-79.70852,14.9,358.5
1181.0,19:17,900004.0,26.0,27.67456,-79.70867,14.9,358.0
1182.0,19:19,900004.0,27.0,27.68307,-79.70906,14.9,357.0
1183.0,19:20,900004.0,28.0,27.68731,-79.7093,14.9,356.5
1184.0,19:21,900004.0,29.0,27.69155,-79.70957,14.9,356.0
1185.0,19:22,900004.0,30.0,27.69578,-79.70987,14.9,355.5
1186.0,19:23,900004.0,31.0,27.7,-79.7102,14.9,355.0
1187.0,19:24,900004.0,32.0,27.70421,-79.71057,14.9,354.5
1188.0,19:25,900004.0,33.0,27.70841,-79.71097,14.9,354.0
1189.0,19:26,900004.0,34.0,27.71261,-79.7114,14.9,353.5
1190.0,19:27,900004.0,35.0,27.7168,-79.71188,14.9,353.0
1191.0,19:29,900004.0,36.0,27.72514,-79.71294,14.9,352.1
1192.0,19:30,900004.0,37.0,27.7293,-79.71352,14.9,351.6
1193.0,19:31,900004.0,38.0,27.73345,-79.71415,14.9,351.2
1194.0,19:32,900004.0,39.0,27.73759,-79.71482,14.9,350.8
1195.0,19:33,900004.0,40.0,27.74172,-79.71554,14.9,350.4
1196.0,19:34,900004.0,41.0,27.74584,-79.71629,14.9,350.0
1197.0,19:35,900004.0,42.0,27.74995,-79.7171,14.9,349.7
1198.0,19:36,900004.0,43.0,27.75404,-79.71794,14.9,349.3
1199.0,19:37,900004.0,44.0,27.75813,-79.71884,14.9,349.0
1200.0,19:38,900004.0,45.0,27.7622,-79.71978,14.9,348.7
1201.0,19:40,900004.0,46.0,27.77031,-79.72182,14.9,348.2
1202.0,19:41,900004.0,47.0,27.77435,-79.72291,14.9,348.0
1203.0,19:42,900004.0,48.0,27.77837,-79.72405,14.9,347.8
1204.0,19:43,900004.0,49.0,27.78239,-79.72525,14.9,347.7
1205.0,19:44,900004.0,50.0,27.78639,-79.72651,14.9,347.6
1206.0,19:45,900004.0,51.0,27.79037,-79.72781,14.9,347.5
1207.0,19:46,900004.0,52.0,27.79434,-79.72918,14.9,347.4
1208.0,19:47,900004.0,53.0,27.7983,-79.7306,14.9,347.4
1209.0,19:48,900004.0,54.0,27.80224,-79.73208,14.9,347.2
1210.0,19:49,900004.0,55.0,27.80617,-79.73362,14.9,346.8
1211.0,19:51,900004.0,56.0,27.81397,-79.73687,14.9,345.2
1212.0,19:52,900004.0,57.0,27.81784,-79.73858,14.9,344.2
1213.0,19:53,900004.0,58.0,27.82169,-79.74034,14.9,343.0
1214.0,19:54,900004.0,59.0,27.82552,-79.74217,14.9,341.7
1215.0,19:55,900004.0,60.0,27.82932,-79.74405,14.8,340.3
1216.0,19:56,900004.0,61.0,27.83309,-79.74599,14.8,338.8
1217.0,19:57,900004.0,62.0,27.83684,-79.74798,14.8,337.4
1218.0,19:58,900004.0,63.0,27.84056,-79.75002,14.8,336.0
1219.0,19:59,900004.0,64.0,27.84424,-79.75213,14.8,334.7
1220.0,20:00,900004.0,65.0,27.84789,-79.75428,14.8,333.5
1221.0,20:01,900004.0,66.0,27.85151,-79.7565,14.8,332.5
1222.0,20:02,900004.0,67.0,27.85509,-79.75876,14.8,331.6
1223.0,20:03,900004.0,68.0,27.85863,-79.76108,14.8,330.9
1224.0,20:04,900004.0,69.0,27.86214,-79.76345,14.8,330.5
1225.0,20:05,900004.0,70.0,27.8656,-79.76588,14.8,330.3
1226.0,20:06,900004.0,71.0,27.86902,-79.76836,14.8,330.3
1227.0,20:07,900004.0,72.0,27.8724,-79.77089,14.8,330.2
1228.0,20:08,900004.0,73.0,27.87575,-79.77346,14.8,330.1
1229.0,20:10,900004.0,74.0,27.88234,-79.77875,14.8,329.8
1230.0,20:11,900004.0,75.0,27.88559,-79.78146,14.8,329.5
1231.0,20:12,900004.0,76.0,27.88882,-79.7842,14.8,329.3
1232.0,20:13,900004.0,77.0,27.89202,-79.78698,14.9,329.0
1233.0,20:14,900004.0,78.0,27.89521,-79.78979,14.9,328.7
1234.0,20:15,900004.0,79.0,27.89837,-79.79263,14.9,328.4
1235.0,20:16,900004.0,80.0,27.90153,-79.79549,14.9,328.1
1236.0,20:17,900004.0,81.0,27.90467,-79.79839,14.9,327.7
1237.0,20:18,900004.0,82.0,27.9078,-79.8013,14.9,327.3
1238.0,20:19,900004.0,83.0,27.91093,-79.80423,14.9,327.0
1239.0,20:21,900004.0,84.0,27.91718,-79.81015,15.0,326.2
1240.0,20:22,900004.0,85.0,27.92031,-79.81312,15.0,325.8
1241.0,20:23,900004.0,86.0,27.92344,-79.81611,15.0,325.4
1242.0,20:24,900004.0,87.0,27.92659,-79.8191,15.0,325.1
1243.0,20:25,900004.0,88.0,27.92974,-79.8221,15.0,324.7
1244.0,20:26,900004.0,89.0,27.93291,-79.8251,15.1,324.3
1245.0,20:27,900004.0,90.0,27.9361,-79.8281,15.1,324.0
1246.0,20:28,900004.0,91.0,27.9393,-79.83109,15.1,323.7
1247.0,20:29,900004.0,92.0,27.94253,-79.83408,15.1,323.4
1248.0,20:31,900004.0,93.0,27.94907,-79.84003,15.1,322.9
1249.0,20:32,900004.0,94.0,27.95238,-79.84298,15.1,322.6
1250.0,20:33,900004.0,95.0,27.95573,-79.84592,15.1,322.5
1251.0,20:34,900004.0,96.0,27.95911,-79.84884,15.0,322.3
1252.0,20:35,900004.0,97.0,27.96254,-79.85174,15.0,322.2
1253.0,20:36,900004.0,98.0,27.96601,-79.85461,15.0,322.1
1254.0,20:37,900004.0,99.0,27.96952,-79.85746,15.0,322.1
1255.0,20:38,900004.0,100.0,27.97308,-79.86028,15.0,322.1
1256.0,20:39,900004.0,101.0,27.97668,-79.86307,15.0,321.9
1257.0,20:41,900004.0,102.0,27.984,-79.86858,14.9,321.4
1258.0,20:42,900004.0,103.0,27.98771,-79.8713,14.9,321.0
1259.0,20:43,900004.0,104.0,27.99144,-79.874,14.8,320.5
1260.0,20:44,900004.0,105.0,27.99519,-79.87668,14.8,320.0
1261.0,20:45,900004.0,106.0,27.99896,-79.87934,14.8,319.4
1262.0,20:46,900004.0,107.0,28.00274,-79.88198,14.7,318.8
1263.0,20:47,900004.0,108.0,28.00653,-79.88462,14.7,318.2
1264.0,20:48,900004.0,109.0,28.01031,-79.88724,14.7,317.5
1265.0,20:49,900004.0,110.0,28.0141,-79.88985,14.6,316.7
1266.0,20:50,900004.0,111.0,28.01787,-79.89245,14.6,316.0
1267.0,20:51,900004.0,112.0,28.02164,-79.89504,14.5,315.2
1268.0,20:53,900004.0,113.0,28.02911,-79.90021,14.4,313.7
1269.0,20:54,900004.0,114.0,28.03281,-79.90279,14.3,312.9
1270.0,20:55,900004.0,115.0,28.03648,-79.90537,14.3,312.1
1271.0,20:56,900004.0,116.0,28.04012,-79.90796,14.2,311.4
1272.0,20:57,900004.0,117.0,28.04371,-79.91054,14.2,310.6
1273.0,20:58,900004.0,118.0,28.04726,-79.91313,14.1,309.9
1274.0,20:59,900004.0,119.0,28.05076,-79.91573,14.0,309.3
1275.0,21:00,900004.0,120.0,28.05421,-79.91833,14.0,308.7
1276.0,21:01,900004.0,121.0,28.05759,-79.92094,13.9,308.1
1277.0,21:02,900004.0,122.0,28.06092,-79.92357,13.8,307.6
1278.0,21:03,900004.0,123.0,28.06417,-79.9262,13.7,307.1
1279.0,21:04,900004.0,124.0,28.06736,-79.92885,13.6,306.7
1280.0,21:05,900004.0,125.0,28.07046,-79.93152,13.6,306.4
1281.0,21:06,900004.0,126.0,28.07349,-79.93421,13.5,306.2
1282.0,21:07,900004.0,127.0,28.07642,-79.93691,13.4,306.0
1283.0,21:08,900004.0,128.0,28.07927,-79.93964,13.3,306.0
1284.0,21:09,900004.0,129.0,28.08202,-79.94239,13.2,306.0
1285.0,21:10,900004.0,130.0,28.08468,-79.94516,13.1,305.9
1286.0,21:12,900004.0,131.0,28.08973,-79.95076,12.9,305.5
1287.0,21:13,900004.0,132.0,28.09212,-79.95359,12.8,305.3
1288.0,21:14,900004.0,133.0,28.09444,-79.95644,12.7,305.0
1289.0,21:15,900004.0,134.0,28.09667,-79.95931,12.6,304.6
1290.0,21:16,900004.0,135.0,28.09883,-79.96219,12.5,304.3
1291.0,21:17,900004.0,136.0,28.10091,-79.96508,12.4,303.9
1292.0,21:18,900004.0,137.0,28.10292,-79.96799,12.3,303.4
1293.0,21:20,900004.0,138.0,28.10674,-79.97384,12.1,302.5
1294.0,21:21,900004.0,139.0,28.10856,-79.97678,11.9,302.0
1295.0,21:22,900004.0,140.0,28.11031,-79.97973,11.8,301.5
1296.0,21:23,900004.0,141.0,28.11201,-79.98268,11.7,301.0
1297.0,21:24,900004.0,142.0,28.11365,-79.98565,11.6,300.5
1298.0,21:25,900004.0,143.0,28.11524,-79.98862,11.4,300.0
1299.0,21:26,900004.0,144.0,28.11677,-79.99159,11.3,299.5
1300.0,21:28,900004.0,145.0,28.11972,-79.99755,11.1,298.5
1301.0,21:29,900004.0,146.0,28.12112,-80.00053,11.0,298.1
1302.0,21:30,900004.0,147.0,28.12249,-80.00351,10.9,297.6
1303.0,21:31,900004.0,148.0,28.12383,-80.00649,10.8,297.2
1304.0,21:32,900004.0,149.0,28.12513,-80.00947,10.7,296.9
1305.0,21:33,900004.0,150.0,28.1264,-80.01245,10.6,296.5
1306.0,21:35,900004.0,151.0,28.12885,-80.01839,10.4,296.0
1307.0,21:36,900004.0,152.0,28.13005,-80.02135,10.3,295.8
1308.0,21:37,900004.0,153.0,28.13123,-80.0243,10.2,295.6
1309.0,21:38,900004.0,154.0,28.13238,-80.02724,10.2,295.5
1310.0,21:39,900004.0,155.0,28.13353,-80.03018,10.1,295.5
1311.0,21:40,900004.0,156.0,28.13466,-80.03311,10.0,295.5
1312.0,21:42,900004.0,157.0,28.1369,-80.03893,9.9,295.5
1313.0,21:43,900004.0,158.0,28.138,-80.04182,9.8,295.4
1314.0,21:44,900004.0,159.0,28.13909,-80.04471,9.8,295.4
1315.0,21:45,900004.0,160.0,28.14018,-80.04759,9.7,295.4
1316.0,21:46,900004.0,161.0,28.14125,-80.05046,9.7,295.3
1317.0,21:48,900004.0,162.0,28.14338,-80.05618,9.6,295.3
1318.0,21:49,900004.0,163.0,28.14443,-80.05903,9.6,295.2
1319.0,21:50,900004.0,164.0,28.14548,-80.06187,9.5,295.2
1320.0,21:51,900004.0,165.0,28.14652,-80.06471,9.5,295.1
1321.0,21:52,900004.0,166.0,28.14755,-80.06754,9.5,295.1
1322.0,21:53,900004.0,167.0,28.14858,-80.07036,9.4,295.0
1323.0,21:55,900004.0,168.0,28.15063,-80.076,9.4,294.9
1324.0,21:56,900004.0,169.0,28.15164,-80.07882,9.4,294.9
1325.0,21:57,900004.0,170.0,28.15265,-80.08163,9.4,294.9
1326.0,21:58,900004.0,171.0,28.15366,-80.08443,9.4,294.8
1327.0,21:59,900004.0,172.0,28.15467,-80.08724,9.4,294.8
1328.0,22:00,900004.0,173.0,28.15567,-80.09004,9.4,294.8
1329.0,22:01,900004.0,174.0,28.15667,-80.09284,9.4,294.7
1330.0,22:02,900004.0,175.0,28.15767,-80.09564,9.4,294.7
1331.0,22:03,900004.0,176.0,28.15867,-80.09844,9.4,294.7
1332.0,22:04,900004.0,177.0,28.15967,-80.10124,9.4,294.7
1333.0,18:32,900005.0,1.0,30.34482,-80.32702,15.5,91.4
1334.0,18:33,900005.0,2.0,30.34477,-80.32184,15.6,91.4
1335.0,18:35,900005.0,3.0,30.34467,-80.31147,15.7,91.4
1336.0,18:36,900005.0,4.0,30.34462,-80.30629,15.8,91.3
1337.0,18:37,900005.0,5.0,30.34457,-80.30112,15.8,91.3
1338.0,18:38,900005.0,6.0,30.34452,-80.29595,15.9,91.2
1339.0,18:39,900005.0,7.0,30.34446,-80.29078,15.9,91.1
1340.0,18:40,900005.0,8.0,30.34441,-80.28561,16.0,91.1
1341.0,18:41,900005.0,9.0,30.34436,-80.28046,16.0,91.0
1342.0,18:42,900005.0,10.0,30.3443,-80.27531,16.0,90.9
1343.0,18:43,900005.0,11.0,30.34424,-80.27016,16.1,90.8
1344.0,18:44,900005.0,12.0,30.34418,-80.26503,16.1,90.7
1345.0,18:45,900005.0,13.0,30.34412,-80.2599,16.1,90.6
1346.0,18:47,900005.0,14.0,30.344,-80.24968,16.2,90.4
1347.0,18:52,900005.0,15.0,30.34364,-80.22432,16.2,89.9
1348.0,18:53,900005.0,16.0,30.34357,-80.21929,16.2,89.8
1349.0,18:54,900005.0,17.0,30.34348,-80.21427,16.2,89.7
1350.0,18:55,900005.0,18.0,30.3434,-80.20927,16.2,89.6
1351.0,18:56,900005.0,19.0,30.34331,-80.20429,16.2,89.5
1352.0,18:57,900005.0,20.0,30.34322,-80.19932,16.2,89.4
1353.0,18:58,900005.0,21.0,30.34313,-80.19437,16.1,89.3
1354.0,18:59,900005.0,22.0,30.34303,-80.18944,16.1,89.2
1355.0,19:00,900005.0,23.0,30.34293,-80.18453,16.1,89.1
1356.0,19:01,900005.0,24.0,30.34283,-80.17964,16.0,89.0
1357.0,19:02,900005.0,25.0,30.34272,-80.17478,16.0,88.9
1358.0,19:03,900005.0,26.0,30.3426,-80.16993,16.0,88.9
1359.0,19:04,900005.0,27.0,30.34249,-80.1651,15.9,88.8
1360.0,19:05,900005.0,28.0,30.34237,-80.1603,15.9,88.7
1361.0,19:06,900005.0,29.0,30.34224,-80.15553,15.8,88.7
1362.0,19:07,900005.0,30.0,30.34211,-80.15077,15.8,88.6
1363.0,19:08,900005.0,31.0,30.34198,-80.14605,15.7,88.6
1364.0,19:09,900005.0,32.0,30.34184,-80.14134,15.7,88.6
1365.0,19:10,900005.0,33.0,30.34169,-80.13667,15.6,88.6
1366.0,19:12,900005.0,34.0,30.34137,-80.12741,15.5,89.8
1367.0,19:13,900005.0,35.0,30.34116,-80.12282,15.4,91.0
1368.0,19:14,900005.0,36.0,30.34091,-80.11827,15.3,92.7
1369.0,19:15,900005.0,37.0,30.34059,-80.11375,15.2,94.6
1370.0,19:16,900005.0,38.0,30.3402,-80.10927,15.1,96.6
1371.0,19:17,900005.0,39.0,30.33972,-80.10482,15.1,98.7
1372.0,19:18,900005.0,40.0,30.33914,-80.10042,15.0,100.7
1373.0,19:19,900005.0,41.0,30.33844,-80.09606,14.9,102.6
1374.0,19:20,900005.0,42.0,30.3376,-80.09175,14.7,104.3
1375.0,19:21,900005.0,43.0,30.33662,-80.08748,14.6,105.5
1376.0,19:23,900005.0,44.0,30.33416,-80.07909,14.4,106.7
1377.0,19:24,900005.0,45.0,30.33266,-80.07497,14.3,106.6
1378.0,19:25,900005.0,46.0,30.33099,-80.0709,14.1,106.2
1379.0,19:26,900005.0,47.0,30.32917,-80.06686,14.0,105.6
1380.0,19:27,900005.0,48.0,30.32723,-80.06286,13.9,104.9
1381.0,19:28,900005.0,49.0,30.32517,-80.05889,13.7,103.9
1382.0,19:29,900005.0,50.0,30.32303,-80.05494,13.6,102.8
1383.0,19:30,900005.0,51.0,30.32081,-80.05101,13.4,101.6
1384.0,19:31,900005.0,52.0,30.31855,-80.04708,13.2,100.2
1385.0,19:33,900005.0,53.0,30.31396,-80.03924,12.9,97.2
1386.0,19:34,900005.0,54.0,30.31167,-80.03531,12.7,95.5
1387.0,19:35,900005.0,55.0,30.30942,-80.03136,12.5,93.9
1388.0,19:36,900005.0,56.0,30.30721,-80.0274,12.3,92.2
1389.0,19:37,900005.0,57.0,30.30508,-80.02341,12.1,90.4
1390.0,19:38,900005.0,58.0,30.30304,-80.01938,12.0,88.7
1391.0,19:39,900005.0,59.0,30.30111,-80.01532,11.9,87.1
1392.0,19:40,900005.0,60.0,30.29931,-80.01122,11.9,85.4
1393.0,19:41,900005.0,61.0,30.29766,-80.00706,11.9,83.9
1394.0,19:43,900005.0,62.0,30.2949,-79.99857,12.1,81.0
1395.0,19:44,900005.0,63.0,30.29382,-79.99423,12.3,79.8
1396.0,19:45,900005.0,64.0,30.29298,-79.98981,12.6,78.7
1397.0,19:46,900005.0,65.0,30.29239,-79.98531,12.9,77.7
1398.0,19:47,900005.0,66.0,30.29207,-79.98073,13.3,77.0
1399.0,19:48,900005.0,67.0,30.29205,-79.97605,13.7,76.4
1400.0,19:50,900005.0,68.0,30.29295,-79.9664,14.7,75.9
1401.0,19:51,900005.0,69.0,30.29391,-79.96141,15.3,75.9
1402.0,19:52,900005.0,70.0,30.29518,-79.9563,15.9,76.0
1403.0,19:53,900005.0,71.0,30.29672,-79.95106,16.7,76.2
1404.0,19:54,900005.0,72.0,30.29849,-79.94569,17.4,76.4
1405.0,19:55,900005.0,73.0,30.30045,-79.94017,18.2,76.6
1406.0,19:56,900005.0,74.0,30.30256,-79.93449,19.1,76.9
1407.0,19:57,900005.0,75.0,30.30478,-79.92865,20.1,77.2
1408.0,19:59,900005.0,76.0,30.30938,-79.91643,22.1,77.8
1409.0,19:59,900005.0,77.0,30.30938,-79.91643,22.1,77.8
1410.0,20:01,900005.0,78.0,30.31393,-79.90345,24.4,78.6
1411.0,20:02,900005.0,79.0,30.31608,-79.89664,25.5,78.9
1412.0,20:03,900005.0,80.0,30.3181,-79.88962,26.4,79.3
1413.0,20:04,900005.0,81.0,30.31994,-79.88237,27.2,79.6
1414.0,20:05,900005.0,82.0,30.32157,-79.87488,27.8,79.9
1415.0,20:06,900005.0,83.0,30.32294,-79.86715,28.2,80.2
1416.0,20:08,900005.0,84.0,30.32475,-79.85091,28.7,80.7
1417.0,20:09,900005.0,85.0,30.32511,-79.84238,28.6,80.9
1418.0,20:10,900005.0,86.0,30.32505,-79.83357,28.4,81.1
1419.0,20:11,900005.0,87.0,30.32454,-79.82446,28.0,81.2
1420.0,20:12,900005.0,88.0,30.32352,-79.81506,27.5,81.2
1421.0,20:19,900005.0,89.0,30.30607,-79.75477,19.9,144.5
1422.0,20:21,900005.0,90.0,30.30021,-79.74668,18.4,159.7
1423.0,20:22,900005.0,91.0,30.29755,-79.7454,17.9,162.0
1424.0,20:23,900005.0,92.0,30.29514,-79.74619,17.7,166.7
1425.0,20:24,900005.0,93.0,30.29287,-79.7488,17.6,178.9
1426.0,20:26,900005.0,94.0,30.28821,-79.75797,18.2,213.8
1427.0,20:27,900005.0,95.0,30.28551,-79.76381,18.6,230.5
1428.0,20:28,900005.0,96.0,30.28239,-79.76999,18.9,242.7
1429.0,20:29,900005.0,97.0,30.2787,-79.77616,19.2,247.4
1430.0,20:30,900005.0,98.0,30.27435,-79.78202,19.4,246.9
1431.0,20:31,900005.0,99.0,30.26952,-79.78763,19.6,245.5
1432.0,20:32,900005.0,100.0,30.26444,-79.79309,19.7,243.5
1433.0,20:33,900005.0,101.0,30.25935,-79.79854,19.8,241.3
1434.0,20:34,900005.0,102.0,30.25448,-79.80409,19.9,239.1
1435.0,20:35,900005.0,103.0,30.25006,-79.80987,20.1,237.1
1436.0,20:36,900005.0,104.0,30.24634,-79.816,20.4,235.7
1437.0,20:37,900005.0,105.0,30.24354,-79.8226,20.7,235.2
1438.0,20:38,900005.0,106.0,30.24181,-79.82971,21.1,234.4
1439.0,20:40,900005.0,107.0,30.24049,-79.84415,22.2,229.4
1440.0,20:41,900005.0,108.0,30.24026,-79.85069,22.8,226.2
1441.0,20:42,900005.0,109.0,30.23986,-79.85627,23.4,223.3
1442.0,20:43,900005.0,110.0,30.23897,-79.86048,23.9,221.2
1443.0,20:44,900005.0,111.0,30.23726,-79.86295,24.3,220.4
1444.0,20:45,900005.0,112.0,30.23449,-79.86337,24.7,216.8
1445.0,20:46,900005.0,113.0,30.23076,-79.86185,25.0,207.3
1446.0,20:47,900005.0,114.0,30.22629,-79.85858,25.2,193.5
1447.0,20:48,900005.0,115.0,30.22126,-79.85375,25.3,177.1
1448.0,20:49,900005.0,116.0,30.21587,-79.84758,25.4,159.8
1449.0,20:50,900005.0,117.0,30.21034,-79.84024,25.5,143.4
1450.0,20:51,900005.0,118.0,30.20485,-79.83194,25.6,129.6
1451.0,20:52,900005.0,119.0,30.19961,-79.82288,25.6,120.1
1452.0,20:53,900005.0,120.0,30.19482,-79.81325,25.7,116.5
1453.0,20:54,900005.0,121.0,30.19061,-79.80329,25.7,118.4
1454.0,20:55,900005.0,122.0,30.18686,-79.79344,25.8,123.3
1455.0,20:56,900005.0,123.0,30.1834,-79.78417,25.8,130.2
1456.0,20:57,900005.0,124.0,30.18005,-79.77596,25.8,138.2
1457.0,20:58,900005.0,125.0,30.17662,-79.76927,25.8,146.1
1458.0,20:59,900005.0,126.0,30.17293,-79.7646,25.7,153.0
1459.0,20:59,900005.0,127.0,30.17293,-79.7646,25.7,153.0
1460.0,21:01,900005.0,128.0,30.16407,-79.76318,25.4,159.8
1461.0,21:02,900005.0,129.0,30.15861,-79.76702,25.1,161.2
1462.0,21:03,900005.0,130.0,30.15262,-79.77255,24.8,164.6
1463.0,21:04,900005.0,131.0,30.14637,-79.77805,24.4,168.5
1464.0,21:05,900005.0,132.0,30.14012,-79.78177,24.2,171.9
1465.0,21:06,900005.0,133.0,30.13416,-79.78198,24.1,173.3
1466.0,21:07,900005.0,134.0,30.12863,-79.77765,24.2,171.0
1467.0,21:08,900005.0,135.0,30.12322,-79.77059,24.4,165.9
1468.0,21:09,900005.0,136.0,30.11751,-79.76335,24.7,160.8
1469.0,21:10,900005.0,137.0,30.11107,-79.75844,25.0,158.5
1470.0,21:11,900005.0,138.0,30.10374,-79.75775,25.3,174.9
1471.0,21:12,900005.0,139.0,30.09639,-79.76054,25.7,211.0
1472.0,21:13,900005.0,140.0,30.09013,-79.76543,26.1,247.1
1473.0,21:14,900005.0,141.0,30.08609,-79.77103,26.4,263.5
1474.0,21:15,900005.0,142.0,30.08512,-79.77622,26.7,265.2
1475.0,21:16,900005.0,143.0,30.08701,-79.78089,26.9,269.8
1476.0,21:17,900005.0,144.0,30.09125,-79.78521,27.1,276.4
1477.0,21:19,900005.0,145.0,30.10483,-79.79341,27.4,292.4
1478.0,21:20,900005.0,146.0,30.11319,-79.79761,27.5,300.2
1479.0,21:21,900005.0,147.0,30.12193,-79.80209,27.6,306.8
1480.0,21:22,900005.0,148.0,30.13056,-79.80699,27.6,311.4
1481.0,21:23,900005.0,149.0,30.13859,-79.81249,27.6,313.1
1482.0,21:24,900005.0,150.0,30.14562,-79.8187,27.6,311.8
1483.0,21:25,900005.0,151.0,30.15163,-79.82556,27.5,308.3
1484.0,21:26,900005.0,152.0,30.15667,-79.83299,27.4,303.1
1485.0,21:27,900005.0,153.0,30.16084,-79.84091,27.3,296.7
1486.0,21:28,900005.0,154.0,30.16418,-79.84921,27.2,289.5
1487.0,21:29,900005.0,155.0,30.16677,-79.85782,27.0,282.0
1488.0,21:30,900005.0,156.0,30.16869,-79.86663,26.8,274.8
1489.0,21:31,900005.0,157.0,30.16999,-79.87557,26.6,268.4
1490.0,21:32,900005.0,158.0,30.17075,-79.88454,26.4,263.2
1491.0,21:33,900005.0,159.0,30.17103,-79.89345,26.3,259.7
1492.0,21:34,900005.0,160.0,30.17091,-79.90221,26.1,258.4
1493.0,21:35,900005.0,161.0,30.17044,-79.91075,25.9,258.3
1494.0,21:36,900005.0,162.0,30.16965,-79.91907,25.8,258.1
1495.0,21:37,900005.0,163.0,30.16855,-79.92716,25.6,257.8
1496.0,21:38,900005.0,164.0,30.16714,-79.93504,25.4,257.4
1497.0,21:39,900005.0,165.0,30.16544,-79.94271,25.3,256.9
1498.0,21:41,900005.0,166.0,30.16121,-79.95747,24.9,255.7
1499.0,21:42,900005.0,167.0,30.1587,-79.96458,24.8,254.9
1500.0,21:43,900005.0,168.0,30.15595,-79.97151,24.6,254.1
1501.0,21:44,900005.0,169.0,30.15296,-79.97827,24.5,253.3
1502.0,21:45,900005.0,170.0,30.14974,-79.98488,24.3,252.4
1503.0,21:46,900005.0,171.0,30.14632,-79.99133,24.1,251.4
1504.0,21:47,900005.0,172.0,30.14269,-79.99765,24.0,250.5
1505.0,21:48,900005.0,173.0,30.13887,-80.00383,23.8,249.5
1506.0,21:49,900005.0,174.0,30.13487,-80.00988,23.7,248.5
1507.0,21:50,900005.0,175.0,30.1307,-80.01581,23.5,247.5
1508.0,21:51,900005.0,176.0,30.12638,-80.02164,23.4,246.5
1509.0,21:52,900005.0,177.0,30.12191,-80.02736,23.2,245.6
1510.0,21:53,900005.0,178.0,30.11731,-80.03299,23.1,244.6
1511.0,21:54,900005.0,179.0,30.11258,-80.03853,23.0,243.7
1512.0,21:55,900005.0,180.0,30.10774,-80.04399,22.8,242.9
1513.0,21:56,900005.0,181.0,30.1028,-80.04938,22.7,242.1
1514.0,21:57,900005.0,182.0,30.09777,-80.0547,22.5,241.3
1515.0,21:58,900005.0,183.0,30.09266,-80.05997,22.4,240.7
1516.0,21:59,900005.0,184.0,30.08748,-80.0652,22.3,240.1
1517.0,22:00,900005.0,185.0,30.08225,-80.07038,22.1,239.6
1518.0,22:01,900005.0,186.0,30.07698,-80.07553,22.0,239.2
1519.0,22:02,900005.0,187.0,30.07167,-80.08066,21.9,238.9
1520.0,22:03,900005.0,188.0,30.06633,-80.08578,21.7,238.7
1521.0,22:04,900005.0,189.0,30.06099,-80.09088,21.6,238.6
1522.0,10:07,900006.0,1.0,28.41954,-94.87409,3.1,351.3
1523.0,10:08,900006.0,2.0,28.42017,-94.87397,3.1,351.3
1524.0,10:09,900006.0,3.0,28.4208,-94.87386,3.0,351.3
1525.0,10:10,900006.0,4.0,28.42143,-94.87374,3.0,351.3
1526.0,10:13,900006.0,5.0,28.42332,-94.8734,3.0,351.4
1527.0,10:14,900006.0,6.0,28.42395,-94.87329,2.9,351.5
1528.0,10:18,900006.0,7.0,28.42647,-94.87283,2.8,351.7
1529.0,10:19,900006.0,8.0,28.42709,-94.87271,2.8,351.8
1530.0,10:20,900006.0,9.0,28.42772,-94.8726,2.8,351.9
1531.0,10:22,900006.0,10.0,28.42898,-94.87237,2.8,352.1
1532.0,10:26,900006.0,11.0,28.4315,-94.87192,2.7,352.4
1533.0,10:27,900006.0,12.0,28.43213,-94.87181,2.7,352.5
1534.0,10:33,900006.0,13.0,28.4359,-94.87114,2.7,353.2
1535.0,10:38,900006.0,14.0,28.43905,-94.87059,2.6,353.6
1536.0,10:42,900006.0,15.0,28.44156,-94.87016,2.6,354.0
1537.0,10:53,900006.0,16.0,28.44847,-94.86901,2.7,354.4
1538.0,10:58,900006.0,17.0,28.45161,-94.86851,2.8,354.5
1539.0,11:08,900006.0,18.0,28.45785,-94.8676,2.9,355.3
1540.0,11:12,900006.0,19.0,28.46034,-94.86728,3.0,355.8
1541.0,11:15,900006.0,20.0,28.4622,-94.86706,3.1,356.1
1542.0,11:18,900006.0,21.0,28.46405,-94.86687,3.2,356.6
1543.0,11:21,900006.0,22.0,28.46589,-94.86669,3.3,357.0
1544.0,11:24,900006.0,23.0,28.46772,-94.86654,3.4,357.5
1545.0,11:25,900006.0,24.0,28.46833,-94.8665,3.4,357.6
1546.0,11:26,900006.0,25.0,28.46894,-94.86646,3.5,357.7
1547.0,11:32,900006.0,26.0,28.47256,-94.86628,3.6,358.6
1548.0,11:34,900006.0,27.0,28.47376,-94.86624,3.6,358.9
1549.0,11:35,900006.0,28.0,28.47435,-94.86623,3.6,359.1
1550.0,11:37,900006.0,29.0,28.47554,-94.86623,3.5,359.3
1551.0,11:38,900006.0,30.0,28.47613,-94.86623,3.5,359.4
1552.0,11:40,900006.0,31.0,28.47731,-94.86624,3.5,359.7
1553.0,11:41,900006.0,32.0,28.4779,-94.86626,3.5,359.8
1554.0,11:43,900006.0,33.0,28.47907,-94.8663,3.4,0.0
1555.0,11:44,900006.0,34.0,28.47965,-94.86632,3.3,0.1
1556.0,11:46,900006.0,35.0,28.48081,-94.86639,3.2,0.3
1557.0,11:48,900006.0,36.0,28.48197,-94.86648,3.1,0.5
1558.0,11:56,900006.0,37.0,28.4865,-94.86702,2.5,0.8
1559.0,11:57,900006.0,38.0,28.48706,-94.86711,2.4,0.8
1560.0,11:58,900006.0,39.0,28.48762,-94.86721,2.3,0.8
1561.0,12:00,900006.0,40.0,28.48872,-94.86742,2.1,0.8
1562.0,12:01,900006.0,41.0,28.48927,-94.86753,2.0,0.8
1563.0,12:02,900006.0,42.0,28.48982,-94.86764,1.8,0.8
1564.0,12:04,900006.0,43.0,28.49092,-94.86788,1.6,0.8
1565.0,12:05,900006.0,44.0,28.49146,-94.86801,1.5,0.8
1566.0,12:06,900006.0,45.0,28.49201,-94.86814,1.3,0.8
1567.0,12:07,900006.0,46.0,28.49255,-94.86827,1.2,0.8
1568.0,12:09,900006.0,47.0,28.49364,-94.86853,0.9,0.9
1569.0,12:10,900006.0,48.0,28.49419,-94.86867,0.8,0.9
1570.0,12:11,900006.0,49.0,28.49473,-94.86881,0.6,0.9
1571.0,12:12,900006.0,50.0,28.49527,-94.86894,0.4,0.9
1572.0,12:14,900006.0,51.0,28.49636,-94.86922,0.1,0.9
1573.0,12:16,900006.0,52.0,28.49746,-94.86949,-0.3,1.0
1574.0,12:18,900006.0,53.0,28.49856,-94.86976,-0.6,1.0
1575.0,12:19,900006.0,54.0,28.49911,-94.86989,-0.8,1.0
1576.0,12:21,900006.0,55.0,28.50022,-94.87014,-1.2,1.0
1577.0,12:22,900006.0,56.0,28.50077,-94.87027,-1.4,1.1
1578.0,12:28,900006.0,57.0,28.50417,-94.87092,-2.7,1.2
1579.0,12:30,900006.0,58.0,28.50532,-94.8711,-3.2,1.2
1580.0,12:35,900006.0,59.0,28.50828,-94.87144,-4.3,1.3
1581.0,12:36,900006.0,60.0,28.50888,-94.87148,-4.5,1.3
1582.0,12:37,900006.0,61.0,28.50949,-94.87152,-4.7,1.3
1583.0,12:40,900006.0,62.0,28.51134,-94.87157,-5.0,1.4
1584.0,12:43,900006.0,63.0,28.51324,-94.87154,-5.1,1.4
1585.0,12:45,900006.0,64.0,28.51454,-94.87147,-5.1,1.5
1586.0,12:48,900006.0,65.0,28.51653,-94.87127,-4.8,1.5
1587.0,12:50,900006.0,66.0,28.51789,-94.87108,-4.5,1.6
1588.0,12:52,900006.0,67.0,28.51928,-94.87083,-4.1,1.6
1589.0,12:53,900006.0,68.0,28.51998,-94.87069,-3.9,1.6
1590.0,12:54,900006.0,69.0,28.52069,-94.87053,-3.7,1.6
1591.0,12:55,900006.0,70.0,28.52142,-94.87036,-3.4,1.6
1592.0,12:57,900006.0,71.0,28.52288,-94.86997,-2.8,1.6
1593.0,12:59,900006.0,72.0,28.52438,-94.86952,-2.1,1.7
1594.0,13:00,900006.0,73.0,28.52514,-94.86927,-1.7,1.7
1595.0,13:03,900006.0,74.0,28.52748,-94.86841,-0.4,1.7
1596.0,13:04,900006.0,75.0,28.52827,-94.86809,0.1,1.7
1597.0,13:06,900006.0,76.0,28.5299,-94.8674,1.2,1.7
1598.0,13:08,900006.0,77.0,28.53156,-94.86663,2.3,1.7
1599.0,13:09,900006.0,78.0,28.53241,-94.86623,2.9,359.3
1600.0,13:10,900006.0,79.0,28.53329,-94.86586,3.5,353.5
1601.0,13:12,900006.0,80.0,28.53526,-94.86545,4.8,340.8
1602.0,13:13,900006.0,81.0,28.53638,-94.86552,5.4,338.4
1603.0,13:14,900006.0,82.0,28.53763,-94.86584,6.0,338.4
1604.0,13:15,900006.0,83.0,28.539,-94.8664,6.5,338.2
1605.0,13:17,900006.0,84.0,28.54209,-94.86825,7.5,337.7
1606.0,13:18,900006.0,85.0,28.5438,-94.8695,8.0,337.3
1607.0,13:19,900006.0,86.0,28.54562,-94.87097,8.4,336.8
1608.0,13:21,900006.0,87.0,28.54955,-94.87451,9.2,335.7
1609.0,13:22,900006.0,88.0,28.55166,-94.87656,9.6,335.0
1610.0,13:24,900006.0,89.0,28.55614,-94.88117,10.2,333.6
1611.0,13:25,900006.0,90.0,28.5585,-94.88372,10.5,332.9
1612.0,13:27,900006.0,91.0,28.56345,-94.88925,10.9,331.2
1613.0,13:28,900006.0,92.0,28.56602,-94.89221,11.1,330.4
1614.0,13:30,900006.0,93.0,28.57136,-94.89849,11.4,328.6
1615.0,13:31,900006.0,94.0,28.57411,-94.90178,11.6,327.8
1616.0,13:33,900006.0,95.0,28.57975,-94.90864,11.8,326.0
1617.0,13:35,900006.0,96.0,28.58557,-94.9158,12.0,324.4
1618.0,13:36,900006.0,97.0,28.58853,-94.91947,12.1,323.5
1619.0,13:37,900006.0,98.0,28.59151,-94.92319,12.2,322.8
1620.0,13:39,900006.0,99.0,28.59756,-94.93072,12.4,321.4
1621.0,13:40,900006.0,100.0,28.6006,-94.93452,12.4,320.7
1622.0,13:41,900006.0,101.0,28.60366,-94.93834,12.5,320.1
1623.0,13:43,900006.0,102.0,28.60979,-94.94595,12.7,319.1
1624.0,13:45,900006.0,103.0,28.61592,-94.9535,12.8,318.4
1625.0,13:46,900006.0,104.0,28.61897,-94.95723,12.9,318.2
1626.0,13:47,900006.0,105.0,28.62201,-94.96091,12.9,318.0
1627.0,13:48,900006.0,106.0,28.62503,-94.96454,13.0,318.0
1628.0,13:50,900006.0,107.0,28.631,-94.97161,13.1,318.0
1629.0,13:51,900006.0,108.0,28.63395,-94.97506,13.2,318.0
1630.0,13:52,900006.0,109.0,28.63689,-94.97845,13.2,318.0
1631.0,13:54,900006.0,110.0,28.64269,-94.98506,13.3,317.9
1632.0,13:55,900006.0,111.0,28.64556,-94.98828,13.3,317.9
1633.0,13:57,900006.0,112.0,28.65126,-94.99458,13.4,317.8
1634.0,13:58,900006.0,113.0,28.65407,-94.99766,13.4,317.7
1635.0,14:00,900006.0,114.0,28.65966,-95.00368,13.5,317.6
1636.0,14:01,900006.0,115.0,28.66244,-95.00662,13.5,317.6
1637.0,14:02,900006.0,116.0,28.66519,-95.00953,13.5,317.5
1638.0,14:03,900006.0,117.0,28.66794,-95.01239,13.5,317.5
1639.0,14:05,900006.0,118.0,28.67338,-95.01801,13.5,317.4
1640.0,14:06,900006.0,119.0,28.67608,-95.02077,13.5,317.3
1641.0,14:07,900006.0,120.0,28.67878,-95.02349,13.5,317.2
1642.0,14:08,900006.0,121.0,28.68146,-95.02619,13.5,317.2
1643.0,14:10,900006.0,122.0,28.68679,-95.03149,13.5,317.0
1644.0,14:11,900006.0,123.0,28.68944,-95.0341,13.5,317.0
1645.0,14:12,900006.0,124.0,28.69208,-95.03669,13.5,316.9
1646.0,14:13,900006.0,125.0,28.69472,-95.03926,13.5,316.8
1647.0,14:14,900006.0,126.0,28.69734,-95.04181,13.4,316.8
1648.0,14:15,900006.0,127.0,28.69996,-95.04433,13.4,316.7
1649.0,14:16,900006.0,128.0,28.70258,-95.04684,13.4,316.6
1650.0,14:18,900006.0,129.0,28.70779,-95.05182,13.4,316.5
1651.0,14:19,900006.0,130.0,28.71039,-95.05428,13.3,316.5
1652.0,14:20,900006.0,131.0,28.71298,-95.05674,13.3,316.4
1653.0,14:21,900006.0,132.0,28.71558,-95.05919,13.3,316.4
1654.0,14:22,900006.0,133.0,28.71816,-95.06163,13.3,316.3
1655.0,14:24,900006.0,134.0,28.72334,-95.0665,13.2,316.2
1656.0,14:25,900006.0,135.0,28.72592,-95.06894,13.2,316.2
1657.0,14:27,900006.0,136.0,28.7311,-95.0738,13.1,316.1
1658.0,14:28,900006.0,137.0,28.73368,-95.07623,13.1,316.1
1659.0,14:30,900006.0,138.0,28.73886,-95.08112,13.0,316.0
1660.0,14:31,900006.0,139.0,28.74146,-95.08358,13.0,316.0
1661.0,14:32,900006.0,140.0,28.74406,-95.08604,12.9,316.0
1662.0,14:33,900006.0,141.0,28.74666,-95.08852,12.9,316.0
1663.0,14:35,900006.0,142.0,28.75188,-95.09351,12.8,316.1
1664.0,14:37,900006.0,143.0,28.75712,-95.09855,12.7,316.3
1665.0,14:38,900006.0,144.0,28.75974,-95.10109,12.7,316.4
1666.0,14:39,900006.0,145.0,28.76237,-95.10364,12.6,316.6
1667.0,14:40,900006.0,146.0,28.765,-95.1062,12.6,316.7
1668.0,14:43,900006.0,147.0,28.77291,-95.11392,12.5,317.3
1669.0,14:44,900006.0,148.0,28.77556,-95.11651,12.4,317.5
1670.0,14:45,900006.0,149.0,28.7782,-95.11911,12.3,317.8
1671.0,14:47,900006.0,150.0,28.7835,-95.12432,12.2,318.2
1672.0,14:48,900006.0,151.0,28.78616,-95.12694,12.2,318.4
1673.0,14:50,900006.0,152.0,28.79147,-95.13218,12.1,318.7
1674.0,14:51,900006.0,153.0,28.79412,-95.13481,12.0,318.9
1675.0,14:53,900006.0,154.0,28.79944,-95.14007,11.9,319.1
1676.0,14:55,900006.0,155.0,28.80476,-95.14534,11.8,319.3
1677.0,14:56,900006.0,156.0,28.80742,-95.14798,11.7,319.3
1678.0,16:42,900007.0,1.0,28.50724,-96.7997,3.3,156.3
1679.0,16:48,900007.0,2.0,28.5023,-96.79648,3.2,159.9
1680.0,16:59,900007.0,3.0,28.49311,-96.79151,3.2,177.6
1681.0,17:06,900007.0,4.0,28.48708,-96.78961,3.2,189.2
1682.0,17:14,900007.0,5.0,28.4799,-96.78932,3.2,195.3
1683.0,17:17,900007.0,6.0,28.47712,-96.78981,3.2,194.8
1684.0,17:18,900007.0,7.0,28.4762,-96.79001,3.2,194.5
1685.0,17:19,900007.0,8.0,28.47528,-96.79022,3.2,194.2
1686.0,17:23,900007.0,9.0,28.47167,-96.79096,3.3,192.8
1687.0,17:25,900007.0,10.0,28.46996,-96.79115,3.2,192.4
1688.0,17:26,900007.0,11.0,28.46913,-96.79116,3.2,192.3
1689.0,17:33,900007.0,12.0,28.46396,-96.78945,2.9,145.5
1690.0,17:41,900007.0,13.0,28.45917,-96.78361,2.8,146.7
1691.0,17:44,900007.0,14.0,28.45755,-96.78063,2.8,147.7
1692.0,17:49,900007.0,15.0,28.45489,-96.7751,3.0,149.6
1693.0,17:56,900007.0,16.0,28.45093,-96.76696,3.4,152.7
1694.0,17:57,900007.0,17.0,28.45032,-96.76582,3.5,153.1
1695.0,18:01,900007.0,18.0,28.44768,-96.76148,3.7,154.8
1696.0,18:03,900007.0,19.0,28.44622,-96.75949,3.8,155.5
1697.0,18:14,900007.0,20.0,28.43602,-96.75217,4.4,157.7
1698.0,18:15,900007.0,21.0,28.43486,-96.75191,4.4,158.4
1699.0,18:18,900007.0,22.0,28.43118,-96.75151,4.6,166.0
1700.0,18:19,900007.0,23.0,28.4299,-96.75146,4.6,169.5
1701.0,18:20,900007.0,24.0,28.4286,-96.75143,4.6,173.0
1702.0,18:22,900007.0,25.0,28.42594,-96.75142,4.7,178.8
1703.0,18:24,900007.0,26.0,28.42326,-96.75137,4.8,181.3
1704.0,18:36,900007.0,27.0,28.4073,-96.74874,5.3,179.2
1705.0,18:43,900007.0,28.0,28.39812,-96.74549,5.7,176.5
1706.0,18:49,900007.0,29.0,28.39036,-96.74182,6.0,173.4
1707.0,18:51,900007.0,30.0,28.38779,-96.74044,6.1,172.3
1708.0,18:54,900007.0,31.0,28.38396,-96.73822,6.3,170.5
1709.0,18:55,900007.0,32.0,28.38268,-96.73745,6.3,169.9
1710.0,19:09,900007.0,33.0,28.36518,-96.72499,7.2,160.8
1711.0,19:12,900007.0,34.0,28.36151,-96.72199,7.3,158.9
1712.0,19:15,900007.0,35.0,28.35786,-96.71891,7.3,157.0
1713.0,19:17,900007.0,36.0,28.35545,-96.71681,7.4,155.7
1714.0,19:24,900007.0,37.0,28.34712,-96.70922,7.3,151.7
1715.0,19:26,900007.0,38.0,28.34477,-96.70701,7.3,150.7
1716.0,19:29,900007.0,39.0,28.34128,-96.70365,7.1,149.3
1717.0,19:30,900007.0,40.0,28.34012,-96.70253,7.1,148.9
1718.0,19:32,900007.0,41.0,28.33782,-96.70027,7.0,148.0
1719.0,19:33,900007.0,42.0,28.33667,-96.69914,6.9,147.7
1720.0,19:34,900007.0,43.0,28.33553,-96.69801,6.8,147.3
1721.0,19:36,900007.0,44.0,28.33326,-96.69575,6.7,146.6
1722.0,19:38,900007.0,45.0,28.331,-96.69349,6.5,146.1
1723.0,19:39,900007.0,46.0,28.32988,-96.69235,6.4,145.8
1724.0,19:41,900007.0,47.0,28.32765,-96.6901,6.2,145.4
1725.0,19:42,900007.0,48.0,28.32654,-96.68897,6.1,145.3
1726.0,19:44,900007.0,49.0,28.32434,-96.68673,5.9,145.0
1727.0,19:45,900007.0,50.0,28.32324,-96.68562,5.8,145.0
1728.0,19:47,900007.0,51.0,28.32106,-96.6834,5.5,144.9
1729.0,19:49,900007.0,52.0,28.31894,-96.68119,5.2,135.7
1730.0,19:52,900007.0,53.0,28.31631,-96.67777,4.8,104.6
1731.0,19:53,900007.0,54.0,28.31571,-96.67657,4.7,95.1
1732.0,19:55,900007.0,55.0,28.31509,-96.67404,4.5,85.9
1733.0,19:56,900007.0,56.0,28.31512,-96.67269,4.5,85.0
1734.0,19:58,900007.0,57.0,28.31582,-96.66984,4.4,79.1
1735.0,19:59,900007.0,58.0,28.31643,-96.66836,4.4,75.0
1736.0,20:00,900007.0,59.0,28.31717,-96.66684,4.5,70.6
1737.0,20:01,900007.0,60.0,28.31803,-96.6653,4.6,66.5
1738.0,20:02,900007.0,61.0,28.31896,-96.66373,4.6,63.0
1739.0,20:03,900007.0,62.0,28.31995,-96.66215,4.8,60.6
1740.0,20:04,900007.0,63.0,28.32097,-96.66057,4.9,59.7
1741.0,10:05,900008.0,1.0,27.94772,-95.60898,1.8,212.0
1742.0,10:07,900008.0,2.0,27.94662,-95.60961,2.2,210.6
1743.0,10:08,900008.0,3.0,27.94606,-95.60992,2.3,209.1
1744.0,10:09,900008.0,4.0,27.94549,-95.61022,2.5,207.4
1745.0,10:10,900008.0,5.0,27.94491,-95.61053,2.6,205.6
1746.0,10:11,900008.0,6.0,27.94432,-95.61083,2.8,203.9
1747.0,10:13,900008.0,7.0,27.94308,-95.61142,3.0,201.4
1748.0,10:14,900008.0,8.0,27.94243,-95.6117,3.1,201.0
1749.0,10:15,900008.0,9.0,27.94175,-95.61198,3.2,201.0
1750.0,10:16,900008.0,10.0,27.94105,-95.61225,3.3,200.9
1751.0,10:17,900008.0,11.0,27.94033,-95.61251,3.3,200.8
1752.0,10:19,900008.0,12.0,27.93882,-95.61301,3.4,200.4
1753.0,10:20,900008.0,13.0,27.93804,-95.61326,3.5,200.1
1754.0,10:21,900008.0,14.0,27.93723,-95.6135,3.5,199.9
1755.0,10:22,900008.0,15.0,27.93642,-95.61373,3.5,199.6
1756.0,10:23,900008.0,16.0,27.93558,-95.61395,3.5,199.2
1757.0,10:25,900008.0,17.0,27.93387,-95.61439,3.5,198.5
1758.0,10:26,900008.0,18.0,27.93299,-95.61461,3.5,198.2
1759.0,10:27,900008.0,19.0,27.93211,-95.61481,3.4,197.8
1760.0,10:28,900008.0,20.0,27.93121,-95.61502,3.4,197.5
1761.0,10:29,900008.0,21.0,27.93031,-95.61522,3.4,197.1
1762.0,10:31,900008.0,22.0,27.92848,-95.61561,3.3,196.4
1763.0,10:32,900008.0,23.0,27.92756,-95.6158,3.3,196.1
1764.0,10:34,900008.0,24.0,27.92571,-95.61618,3.2,195.6
1765.0,10:35,900008.0,25.0,27.92478,-95.61636,3.2,195.4
1766.0,10:36,900008.0,26.0,27.92385,-95.61654,3.2,195.2
1767.0,10:38,900008.0,27.0,27.92199,-95.6169,3.1,195.0
1768.0,10:39,900008.0,28.0,27.92107,-95.61708,3.1,195.0
1769.0,10:41,900008.0,29.0,27.91924,-95.61743,3.1,194.9
1770.0,10:44,900008.0,30.0,27.91652,-95.61796,3.0,194.6
1771.0,10:45,900008.0,31.0,27.91563,-95.61813,3.0,194.4
1772.0,10:47,900008.0,32.0,27.91385,-95.61847,3.0,194.0
1773.0,10:48,900008.0,33.0,27.91296,-95.61864,3.0,193.8
1774.0,10:49,900008.0,34.0,27.91208,-95.61881,3.0,193.5
1775.0,10:51,900008.0,35.0,27.91032,-95.61914,3.0,192.9
1776.0,10:52,900008.0,36.0,27.90945,-95.6193,3.0,192.6
1777.0,10:53,900008.0,37.0,27.90858,-95.61946,3.0,192.2
1778.0,10:55,900008.0,38.0,27.90685,-95.61978,3.0,191.5
1779.0,10:56,900008.0,39.0,27.90599,-95.61994,3.1,191.2
1780.0,10:57,900008.0,40.0,27.90512,-95.6201,3.1,190.8
1781.0,10:59,900008.0,41.0,27.90341,-95.62041,3.1,190.0
1782.0,11:00,900008.0,42.0,27.90256,-95.62056,3.1,189.6
1783.0,11:01,900008.0,43.0,27.9017,-95.62071,3.1,189.2
1784.0,11:02,900008.0,44.0,27.90085,-95.62086,3.2,188.8
1785.0,11:04,900008.0,45.0,27.89915,-95.62115,3.2,188.0
1786.0,11:05,900008.0,46.0,27.8983,-95.62129,3.2,187.6
1787.0,11:06,900008.0,47.0,27.89745,-95.62143,3.2,187.2
1788.0,11:07,900008.0,48.0,27.89661,-95.62157,3.3,186.8
1789.0,11:09,900008.0,49.0,27.89492,-95.62184,3.3,186.1
1790.0,11:11,900008.0,50.0,27.89323,-95.6221,3.3,185.4
1791.0,11:12,900008.0,51.0,27.89238,-95.62223,3.3,185.1
1792.0,11:14,900008.0,52.0,27.89069,-95.62247,3.4,184.5
1793.0,11:15,900008.0,53.0,27.88984,-95.6226,3.4,184.2
1794.0,11:16,900008.0,54.0,27.889,-95.62271,3.4,184.0
1795.0,11:18,900008.0,55.0,27.8873,-95.62294,3.4,183.6
1796.0,11:19,900008.0,56.0,27.88645,-95.62305,3.4,183.4
1797.0,11:20,900008.0,57.0,27.8856,-95.62316,3.4,183.3
1798.0,11:21,900008.0,58.0,27.88475,-95.62327,3.4,183.2
1799.0,11:22,900008.0,59.0,27.88389,-95.62337,3.4,183.1
1800.0,11:24,900008.0,60.0,27.88218,-95.62357,3.4,183.0
1801.0,11:27,900008.0,61.0,27.8796,-95.62385,3.4,183.1
1802.0,11:29,900008.0,62.0,27.87787,-95.62402,3.4,183.2
1803.0,11:30,900008.0,63.0,27.877,-95.6241,3.4,183.3
1804.0,11:31,900008.0,64.0,27.87613,-95.62418,3.4,183.5
1805.0,11:33,900008.0,65.0,27.87439,-95.62434,3.4,183.7
1806.0,11:35,900008.0,66.0,27.87264,-95.62448,3.3,184.1
1807.0,11:36,900008.0,67.0,27.87176,-95.62455,3.3,184.3
1808.0,11:37,900008.0,68.0,27.87088,-95.62462,3.3,184.5
1809.0,11:38,900008.0,69.0,27.87001,-95.62469,3.3,184.7
1810.0,11:40,900008.0,70.0,27.86825,-95.62482,3.3,185.1
1811.0,11:41,900008.0,71.0,27.86737,-95.62488,3.3,185.4
1812.0,11:43,900008.0,72.0,27.8656,-95.625,3.2,185.9
1813.0,11:45,900008.0,73.0,27.86384,-95.62511,3.2,186.4
1814.0,11:47,900008.0,74.0,27.86207,-95.62523,3.1,186.9
1815.0,11:48,900008.0,75.0,27.86119,-95.62528,3.1,187.2
1816.0,11:51,900008.0,76.0,27.85853,-95.62544,3.0,188.1
1817.0,11:52,900008.0,77.0,27.85765,-95.62549,3.0,188.4
1818.0,11:54,900008.0,78.0,27.85588,-95.62559,3.0,188.9
1819.0,11:55,900008.0,79.0,27.85499,-95.62565,2.9,189.2
1820.0,11:57,900008.0,80.0,27.85323,-95.62575,2.9,189.8
1821.0,11:59,900008.0,81.0,27.85146,-95.62585,2.8,190.3
1822.0,12:00,900008.0,82.0,27.85058,-95.6259,2.8,190.6
1823.0,12:01,900008.0,83.0,27.8497,-95.62595,2.8,190.9
1824.0,12:02,900008.0,84.0,27.84882,-95.626,2.8,191.1
1825.0,12:03,900008.0,85.0,27.84794,-95.62606,2.8,191.4
1826.0,12:04,900008.0,86.0,27.84706,-95.62611,2.7,191.6
1827.0,12:06,900008.0,87.0,27.84531,-95.62622,2.7,192.1
1828.0,12:07,900008.0,88.0,27.84443,-95.62627,2.7,192.3
1829.0,12:08,900008.0,89.0,27.84356,-95.62633,2.7,192.5
1830.0,12:10,900008.0,90.0,27.84181,-95.62644,2.7,192.9
1831.0,12:11,900008.0,91.0,27.84094,-95.6265,2.7,193.1
1832.0,12:12,900008.0,92.0,27.84007,-95.62656,2.6,193.3
1833.0,12:14,900008.0,93.0,27.83834,-95.62669,2.6,193.5
1834.0,12:15,900008.0,94.0,27.83747,-95.62675,2.6,193.7
1835.0,12:17,900008.0,95.0,27.83575,-95.62688,2.6,193.8
1836.0,12:18,900008.0,96.0,27.83489,-95.62695,2.6,193.9
1837.0,12:19,900008.0,97.0,27.83404,-95.62702,2.6,194.0
1838.0,12:20,900008.0,98.0,27.83318,-95.6271,2.6,194.0
1839.0,12:21,900008.0,99.0,27.83233,-95.62717,2.6,194.0
1840.0,12:24,900008.0,100.0,27.82979,-95.62741,2.6,194.0
1841.0,12:25,900008.0,101.0,27.82894,-95.62749,2.6,193.9
1842.0,12:28,900008.0,102.0,27.82642,-95.62775,2.6,193.8
1843.0,12:29,900008.0,103.0,27.82558,-95.62784,2.6,193.8
1844.0,12:31,900008.0,104.0,27.8239,-95.62802,2.6,193.7
1845.0,12:33,900008.0,105.0,27.82223,-95.62821,2.7,193.6
1846.0,12:34,900008.0,106.0,27.82139,-95.6283,2.7,193.5
1847.0,12:36,900008.0,107.0,27.81972,-95.6285,2.7,193.3
1848.0,12:37,900008.0,108.0,27.81889,-95.62859,2.7,193.2
1849.0,12:39,900008.0,109.0,27.81722,-95.62879,2.7,193.1
1850.0,12:41,900008.0,110.0,27.81555,-95.629,2.8,192.9
1851.0,12:44,900008.0,111.0,27.81303,-95.62931,2.8,192.6
1852.0,12:45,900008.0,112.0,27.81219,-95.62941,2.9,192.5
1853.0,12:46,900008.0,113.0,27.81135,-95.62952,2.9,192.4
1854.0,12:47,900008.0,114.0,27.8105,-95.62962,2.9,192.2
1855.0,12:49,900008.0,115.0,27.80881,-95.62983,3.0,192.0
1856.0,12:50,900008.0,116.0,27.80796,-95.62994,3.0,191.9
1857.0,12:51,900008.0,117.0,27.80711,-95.63004,3.0,191.8
1858.0,12:53,900008.0,118.0,27.8054,-95.63025,3.1,191.6
1859.0,12:54,900008.0,119.0,27.80454,-95.63036,3.1,191.4
1860.0,12:56,900008.0,120.0,27.80281,-95.63056,3.2,191.2
1861.0,12:58,900008.0,121.0,27.80107,-95.63077,3.2,191.0
1862.0,12:59,900008.0,122.0,27.8002,-95.63087,3.2,190.9
1863.0,13:00,900008.0,123.0,27.79932,-95.63097,3.2,190.8
1864.0,13:02,900008.0,124.0,27.79755,-95.63117,3.3,190.5
1865.0,13:03,900008.0,125.0,27.79666,-95.63127,3.3,190.4
1866.0,13:05,900008.0,126.0,27.79487,-95.63147,3.3,190.2
1867.0,13:07,900008.0,127.0,27.79306,-95.63166,3.3,190.0
1868.0,13:09,900008.0,128.0,27.79124,-95.63185,3.3,189.8
1869.0,13:11,900008.0,129.0,27.78939,-95.63203,3.3,189.7
1870.0,13:12,900008.0,130.0,27.78846,-95.63212,3.3,189.6
1871.0,13:14,900008.0,131.0,27.78658,-95.63229,3.3,189.4
1872.0,13:15,900008.0,132.0,27.78563,-95.63237,3.3,189.4
1873.0,13:17,900008.0,133.0,27.78371,-95.63253,3.2,189.3
1874.0,13:19,900008.0,134.0,27.78177,-95.63268,3.2,189.2
1875.0,13:20,900008.0,135.0,27.78079,-95.63276,3.2,189.1
1876.0,13:21,900008.0,136.0,27.77981,-95.63283,3.2,189.1
1877.0,13:23,900008.0,137.0,27.77781,-95.63296,3.1,189.0
1878.0,13:24,900008.0,138.0,27.77681,-95.63303,3.1,189.0
1879.0,13:25,900008.0,139.0,27.77579,-95.63309,3.0,189.0
1880.0,13:26,900008.0,140.0,27.77477,-95.63315,3.0,189.0
1881.0,13:28,900008.0,141.0,27.7727,-95.63326,2.9,189.4
1882.0,13:29,900008.0,142.0,27.77166,-95.63331,2.9,189.8
1883.0,13:31,900008.0,143.0,27.76957,-95.63342,2.8,191.2
1884.0,13:33,900008.0,144.0,27.76748,-95.63351,2.7,193.1
1885.0,13:34,900008.0,145.0,27.76643,-95.63356,2.6,194.2
1886.0,13:35,900008.0,146.0,27.76539,-95.63361,2.6,195.5
1887.0,13:37,900008.0,147.0,27.76332,-95.63371,2.5,198.3
1888.0,13:38,900008.0,148.0,27.76229,-95.63376,2.4,199.8
1889.0,13:39,900008.0,149.0,27.76127,-95.63381,2.4,201.4
1890.0,13:40,900008.0,150.0,27.76026,-95.63387,2.3,203.1
1891.0,13:42,900008.0,151.0,27.75828,-95.63398,2.2,206.6
1892.0,13:43,900008.0,152.0,27.75731,-95.63405,2.1,208.4
1893.0,13:45,900008.0,153.0,27.75541,-95.63418,1.9,212.1
1894.0,13:47,900008.0,154.0,27.75357,-95.63433,1.8,215.8
1895.0,13:48,900008.0,155.0,27.75269,-95.63441,1.7,217.6
1896.0,13:49,900008.0,156.0,27.75182,-95.6345,1.6,219.4
1897.0,13:51,900008.0,157.0,27.75016,-95.63469,1.5,222.9
1898.0,13:52,900008.0,158.0,27.74937,-95.63479,1.5,224.6
1899.0,13:53,900008.0,159.0,27.7486,-95.6349,1.4,226.2
1900.0,13:55,900008.0,160.0,27.74715,-95.63514,1.3,229.2
1901.0,13:57,900008.0,161.0,27.74582,-95.63542,1.2,231.8
1902.0,13:58,900008.0,162.0,27.7452,-95.63556,1.1,232.9
1903.0,13:59,900008.0,163.0,27.74462,-95.63572,1.1,233.9
1904.0,14:00,900008.0,164.0,27.74407,-95.63588,1.1,234.8
1905.0,14:01,900008.0,165.0,27.74356,-95.63606,1.0,235.6
1906.0,14:02,900008.0,166.0,27.74309,-95.63624,1.0,236.2
1907.0,14:04,900008.0,167.0,27.74227,-95.63664,0.9,236.9
1908.0,14:05,900008.0,168.0,27.74192,-95.63685,0.9,237.0
1909.0,14:06,900008.0,169.0,27.74161,-95.63707,0.9,237.1
1910.0,14:08,900008.0,170.0,27.74113,-95.63755,0.8,237.9
1911.0,14:09,900008.0,171.0,27.74095,-95.63781,0.8,238.6
1912.0,14:10,900008.0,172.0,27.7408,-95.63807,0.8,239.5
1913.0,14:11,900008.0,173.0,27.7407,-95.63835,0.8,240.5
1914.0,14:12,900008.0,174.0,27.74063,-95.63863,0.8,241.7
1915.0,14:13,900008.0,175.0,27.7406,-95.63892,0.8,243.0
1916.0,14:15,900008.0,176.0,27.74064,-95.63953,0.8,246.1
1917.0,14:16,900008.0,177.0,27.74071,-95.63985,0.8,247.8
1918.0,14:17,900008.0,178.0,27.74081,-95.64017,0.8,249.7
1919.0,14:19,900008.0,179.0,27.7411,-95.64084,0.8,253.6
1920.0,14:20,900008.0,180.0,27.74129,-95.64119,0.8,255.8
1921.0,14:21,900008.0,181.0,27.74151,-95.64154,0.8,258.0
1922.0,14:23,900008.0,182.0,27.74202,-95.64226,0.9,262.6
1923.0,14:24,900008.0,183.0,27.74231,-95.64263,0.9,264.9
1924.0,14:25,900008.0,184.0,27.74262,-95.64301,0.9,267.4
1925.0,14:27,900008.0,185.0,27.74332,-95.64377,1.0,272.3
1926.0,14:28,900008.0,186.0,27.7437,-95.64416,1.0,274.8
1927.0,14:29,900008.0,187.0,27.7441,-95.64456,1.0,277.2
1928.0,14:30,900008.0,188.0,27.74451,-95.64495,1.1,279.7
1929.0,14:31,900008.0,189.0,27.74494,-95.64535,1.1,282.2
1930.0,14:33,900008.0,190.0,27.74585,-95.64617,1.2,287.1
1931.0,14:35,900008.0,191.0,27.74681,-95.64699,1.2,291.8
1932.0,14:36,900008.0,192.0,27.74731,-95.6474,1.3,294.0
1933.0,14:38,900008.0,193.0,27.74834,-95.64824,1.3,298.4
1934.0,14:39,900008.0,194.0,27.74887,-95.64865,1.4,300.4
1935.0,14:40,900008.0,195.0,27.7494,-95.64907,1.4,302.3
1936.0,14:41,900008.0,196.0,27.74994,-95.64949,1.4,304.2
1937.0,14:43,900008.0,197.0,27.75104,-95.65034,1.5,307.5
1938.0,14:45,900008.0,198.0,27.75214,-95.65118,1.5,310.3
1939.0,14:47,900008.0,199.0,27.75325,-95.65202,1.6,312.5
1940.0,14:49,900008.0,200.0,27.75435,-95.65285,1.6,314.1
1941.0,14:51,900008.0,201.0,27.75543,-95.65367,1.7,314.9
1942.0,14:52,900008.0,202.0,27.75597,-95.65408,1.7,315.0
1943.0,14:54,900008.0,203.0,27.75702,-95.65489,1.7,315.0
1944.0,14:56,900008.0,204.0,27.75804,-95.65569,1.8,315.0
1945.0,14:57,900008.0,205.0,27.75855,-95.65608,1.8,315.0
1946.0,14:59,900008.0,206.0,27.75953,-95.65686,1.8,314.9
1947.0,15:00,900008.0,207.0,27.76002,-95.65725,1.8,314.9
1948.0,15:01,900008.0,208.0,27.76049,-95.65764,1.9,314.9
1949.0,15:02,900008.0,209.0,27.76096,-95.65802,1.9,314.9
1950.0,15:04,900008.0,210.0,27.76189,-95.65878,1.9,314.8
1951.0,15:07,900008.0,211.0,27.76323,-95.6599,1.9,314.8
1952.0,15:08,900008.0,212.0,27.76366,-95.66027,2.0,314.7
1953.0,15:09,900008.0,213.0,27.76409,-95.66064,2.0,314.7
1954.0,15:11,900008.0,214.0,27.76494,-95.66137,2.0,314.6
1955.0,15:12,900008.0,215.0,27.76535,-95.66173,2.0,314.6
1956.0,15:13,900008.0,216.0,27.76576,-95.66209,2.0,314.5
1957.0,15:15,900008.0,217.0,27.76656,-95.66281,2.0,314.5
1958.0,15:16,900008.0,218.0,27.76695,-95.66316,2.0,314.4
1959.0,15:18,900008.0,219.0,27.76773,-95.66387,2.0,314.3
1960.0,15:19,900008.0,220.0,27.7681,-95.66422,2.0,314.3
1961.0,15:20,900008.0,221.0,27.76848,-95.66457,2.0,314.2
1962.0,15:22,900008.0,222.0,27.76921,-95.66527,2.0,314.1
1963.0,15:23,900008.0,223.0,27.76957,-95.66561,2.0,314.1
1964.0,15:25,900008.0,224.0,27.77028,-95.6663,2.0,314.0
1965.0,15:26,900008.0,225.0,27.77062,-95.66665,2.0,313.9
1966.0,15:27,900008.0,226.0,27.77097,-95.66699,2.0,313.9
1967.0,15:29,900008.0,227.0,27.77164,-95.66767,2.0,313.8
1968.0,15:30,900008.0,228.0,27.77197,-95.66801,2.0,313.7
1969.0,15:31,900008.0,229.0,27.7723,-95.66835,2.0,313.7
1970.0,15:33,900008.0,230.0,27.77294,-95.66903,2.0,313.6
1971.0,15:35,900008.0,231.0,27.77357,-95.6697,2.0,313.5
1972.0,15:36,900008.0,232.0,27.77387,-95.67004,2.0,313.4
1973.0,15:37,900008.0,233.0,27.77418,-95.67037,2.0,313.4
1974.0,15:38,900008.0,234.0,27.77448,-95.67071,2.0,313.3
1975.0,15:40,900008.0,235.0,27.77507,-95.67138,2.0,313.2
1976.0,15:42,900008.0,236.0,27.77565,-95.67205,2.0,313.1
1977.0,15:43,900008.0,237.0,27.77594,-95.67238,2.0,313.1
1978.0,15:44,900008.0,238.0,27.77622,-95.67272,2.0,313.0
1979.0,15:45,900008.0,239.0,27.7765,-95.67305,1.9,313.0
1980.0,15:47,900008.0,240.0,27.77705,-95.67372,1.9,312.9
1981.0,15:48,900008.0,241.0,27.77733,-95.67406,1.9,312.8
1982.0,15:50,900008.0,242.0,27.77786,-95.67473,1.9,312.7
1983.0,15:51,900008.0,243.0,27.77813,-95.67506,1.9,312.7
1984.0,15:53,900008.0,244.0,27.77865,-95.67574,1.9,312.6
1985.0,15:55,900008.0,245.0,27.77916,-95.67641,1.9,312.5
1986.0,15:58,900008.0,246.0,27.77992,-95.67743,1.9,312.4
1987.0,15:59,900008.0,247.0,27.78017,-95.67777,1.8,312.3
1988.0,16:00,900008.0,248.0,27.78042,-95.67812,1.8,312.3
1989.0,16:01,900008.0,249.0,27.78066,-95.67846,1.8,312.3
1990.0,16:02,900008.0,250.0,27.78091,-95.6788,1.8,312.2
1991.0,16:04,900008.0,251.0,27.78139,-95.67949,1.8,312.2
1992.0,16:05,900008.0,252.0,27.78163,-95.67984,1.8,312.2
1993.0,16:06,900008.0,253.0,27.78187,-95.68019,1.8,312.1
1994.0,16:07,900008.0,254.0,27.7821,-95.68054,1.8,312.1
1995.0,16:09,900008.0,255.0,27.78257,-95.68124,1.8,312.1
1996.0,16:10,900008.0,256.0,27.78281,-95.6816,1.8,312.1
1997.0,16:12,900008.0,257.0,27.78328,-95.68231,1.7,312.0
1998.0,16:13,900008.0,258.0,27.78351,-95.68267,1.7,312.0
1999.0,16:14,900008.0,259.0,27.78374,-95.68303,1.7,312.0
2000.0,16:16,900008.0,260.0,27.7842,-95.68375,1.7,312.0
2001.0,16:17,900008.0,261.0,27.78443,-95.68412,1.7,312.0
2002.0,16:18,900008.0,262.0,27.78466,-95.68449,1.7,312.0
2003.0,16:20,900008.0,263.0,27.78512,-95.68523,1.7,311.9
2004.0,16:21,900008.0,264.0,27.78535,-95.6856,1.7,311.9
2005.0,16:23,900008.0,265.0,27.78581,-95.68635,1.6,311.8
2006.0,16:24,900008.0,266.0,27.78604,-95.68673,1.6,311.7
2007.0,16:25,900008.0,267.0,27.78627,-95.68711,1.6,311.6
2008.0,16:26,900008.0,268.0,27.7865,-95.68749,1.6,311.5
2009.0,16:28,900008.0,269.0,27.78697,-95.68825,1.6,311.2
2010.0,16:29,900008.0,270.0,27.78721,-95.68863,1.6,311.1
2011.0,16:31,900008.0,271.0,27.78768,-95.6894,1.6,310.8
2012.0,16:32,900008.0,272.0,27.78792,-95.68979,1.6,310.7
2013.0,16:34,900008.0,273.0,27.78841,-95.69057,1.5,310.4
2014.0,16:35,900008.0,274.0,27.78866,-95.69096,1.5,310.2
2015.0,16:36,900008.0,275.0,27.7889,-95.69134,1.5,310.0
2016.0,16:38,900008.0,276.0,27.78941,-95.69213,1.5,309.6
2017.0,16:40,900008.0,277.0,27.78992,-95.69291,1.5,309.3
2018.0,16:42,900008.0,278.0,27.79045,-95.69369,1.5,308.9
2019.0,16:44,900008.0,279.0,27.79099,-95.69448,1.4,308.5
2020.0,16:45,900008.0,280.0,27.79126,-95.69487,1.4,308.3
2021.0,16:47,900008.0,281.0,27.79182,-95.69566,1.4,307.9
2022.0,16:48,900008.0,282.0,27.79211,-95.69605,1.4,307.7
2023.0,16:49,900008.0,283.0,27.7924,-95.69644,1.4,307.5
2024.0,16:50,900008.0,284.0,27.79269,-95.69684,1.4,307.4
2025.0,16:52,900008.0,285.0,27.79329,-95.69762,1.4,307.0
2026.0,16:54,900008.0,286.0,27.79391,-95.6984,1.4,306.6
2027.0,16:56,900008.0,287.0,27.79455,-95.69918,1.4,306.3
2028.0,16:57,900008.0,288.0,27.79488,-95.69957,1.4,306.2
2029.0,16:59,900008.0,289.0,27.79555,-95.70034,1.4,305.9
2030.0,17:00,900008.0,290.0,27.79589,-95.70073,1.4,305.8
2031.0,17:01,900008.0,291.0,27.79624,-95.70112,1.4,305.6
2032.0,17:02,900008.0,292.0,27.79659,-95.7015,1.4,305.5
2033.0,17:03,900008.0,293.0,27.79695,-95.70188,1.4,305.4
2034.0,17:05,900008.0,294.0,27.79769,-95.70265,1.4,305.2
2035.0,17:06,900008.0,295.0,27.79807,-95.70303,1.4,305.2
2036.0,17:07,900008.0,296.0,27.79846,-95.7034,1.4,305.1
2037.0,17:08,900008.0,297.0,27.79885,-95.70378,1.4,305.1
2038.0,17:10,900008.0,298.0,27.79966,-95.70453,1.4,305.0
2039.0,17:11,900008.0,299.0,27.80007,-95.7049,1.4,305.0
2040.0,17:13,900008.0,300.0,27.80092,-95.70564,1.4,304.8
2041.0,17:14,900008.0,301.0,27.80135,-95.70601,1.4,304.5
2042.0,17:16,900008.0,302.0,27.80223,-95.70674,1.4,303.7
2043.0,17:17,900008.0,303.0,27.80268,-95.7071,1.4,303.2
2044.0,17:18,900008.0,304.0,27.80313,-95.70746,1.5,302.6
2045.0,17:19,900008.0,305.0,27.80358,-95.70782,1.5,301.9
2046.0,17:20,900008.0,306.0,27.80403,-95.70818,1.5,301.1
2047.0,17:22,900008.0,307.0,27.80494,-95.7089,1.5,299.3
2048.0,17:23,900008.0,308.0,27.80539,-95.70926,1.5,298.3
2049.0,17:24,900008.0,309.0,27.80584,-95.70961,1.5,297.3
2050.0,17:26,900008.0,310.0,27.80674,-95.71032,1.6,295.0
2051.0,17:27,900008.0,311.0,27.80718,-95.71068,1.6,293.8
2052.0,17:28,900008.0,312.0,27.80762,-95.71104,1.6,292.5
2053.0,17:30,900008.0,313.0,27.80848,-95.71175,1.6,289.8
2054.0,17:31,900008.0,314.0,27.8089,-95.7121,1.7,288.4
2055.0,17:33,900008.0,315.0,27.80972,-95.71281,1.7,285.4
2056.0,17:34,900008.0,316.0,27.81012,-95.71317,1.7,283.9
2057.0,17:35,900008.0,317.0,27.81051,-95.71353,1.7,282.4
2058.0,17:37,900008.0,318.0,27.81126,-95.71424,1.8,279.3
2059.0,17:38,900008.0,319.0,27.81161,-95.7146,1.8,277.7
2060.0,17:40,900008.0,320.0,27.81229,-95.71532,1.8,274.4
2061.0,17:41,900008.0,321.0,27.81261,-95.71568,1.9,272.8
2062.0,17:42,900008.0,322.0,27.81291,-95.71605,1.9,271.2
2063.0,17:43,900008.0,323.0,27.8132,-95.71641,1.9,269.6
2064.0,17:45,900008.0,324.0,27.81373,-95.71714,2.0,266.3
2065.0,17:46,900008.0,325.0,27.81397,-95.71751,2.0,264.7
2066.0,17:48,900008.0,326.0,27.81439,-95.71825,2.0,261.6
2067.0,17:49,900008.0,327.0,27.81458,-95.71863,2.1,260.1
2068.0,17:51,900008.0,328.0,27.81488,-95.71938,2.1,257.1
2069.0,17:53,900008.0,329.0,27.8151,-95.72014,2.1,254.2
2070.0,17:55,900008.0,330.0,27.81523,-95.72091,2.2,251.5
2071.0,17:56,900008.0,331.0,27.81526,-95.7213,2.2,250.2
2072.0,17:58,900008.0,332.0,27.81524,-95.72208,2.2,247.8
2073.0,17:59,900008.0,333.0,27.81519,-95.72248,2.2,246.7
2074.0,18:00,900008.0,334.0,27.81512,-95.72288,2.3,245.7
2075.0,18:01,900008.0,335.0,27.81501,-95.72328,2.3,244.7
2076.0,18:02,900008.0,336.0,27.81488,-95.72369,2.3,243.7
2077.0,18:03,900008.0,337.0,27.81472,-95.7241,2.3,242.9
2078.0,18:04,900008.0,338.0,27.81453,-95.72451,2.3,242.1
2079.0,18:05,900008.0,339.0,27.8143,-95.72492,2.3,241.4
2080.0,18:07,900008.0,340.0,27.81376,-95.72576,2.3,240.3
2081.0,18:08,900008.0,341.0,27.81344,-95.72619,2.4,239.8
2082.0,18:09,900008.0,342.0,27.81309,-95.72662,2.4,239.5
2083.0,18:10,900008.0,343.0,27.8127,-95.72705,2.4,239.2
2084.0,18:11,900008.0,344.0,27.81228,-95.72749,2.4,239.1
2085.0,18:12,900008.0,345.0,27.81182,-95.72793,2.4,239.0
2086.0,18:14,900008.0,346.0,27.8108,-95.72882,2.4,238.5
2087.0,18:15,900008.0,347.0,27.81023,-95.72927,2.4,237.8
2088.0,18:16,900008.0,348.0,27.80963,-95.72972,2.4,236.9
2089.0,18:17,900008.0,349.0,27.80901,-95.73016,2.4,235.8
2090.0,18:18,900008.0,350.0,27.80835,-95.7306,2.4,234.5
2091.0,18:19,900008.0,351.0,27.80766,-95.73104,2.4,233.0
2092.0,18:21,900008.0,352.0,27.80621,-95.73189,2.5,229.5
2093.0,18:22,900008.0,353.0,27.80544,-95.7323,2.5,227.5
2094.0,18:23,900008.0,354.0,27.80465,-95.73269,2.5,225.3
2095.0,18:25,900008.0,355.0,27.80301,-95.73344,2.5,220.7
2096.0,18:26,900008.0,356.0,27.80216,-95.7338,2.5,218.2
2097.0,18:27,900008.0,357.0,27.80129,-95.73413,2.5,215.6
2098.0,18:28,900008.0,358.0,27.80041,-95.73444,2.5,213.0
2099.0,18:29,900008.0,359.0,27.79951,-95.73473,2.5,210.3
2100.0,18:31,900008.0,360.0,27.79766,-95.73524,2.5,204.7
2101.0,18:32,900008.0,361.0,27.79672,-95.73546,2.5,201.9
2102.0,18:33,900008.0,362.0,27.79577,-95.73565,2.5,199.1
2103.0,18:35,900008.0,363.0,27.79384,-95.73594,2.5,193.5
2104.0,18:37,900008.0,364.0,27.79189,-95.73609,2.5,188.0
2105.0,18:38,900008.0,365.0,27.7909,-95.73611,2.5,185.4
2106.0,18:40,900008.0,366.0,27.78893,-95.73605,2.5,180.3
2107.0,18:42,900008.0,367.0,27.78696,-95.73582,2.6,175.7
2108.0,18:44,900008.0,368.0,27.785,-95.73541,2.6,171.5
2109.0,18:45,900008.0,369.0,27.78402,-95.73514,2.7,169.7
2110.0,18:46,900008.0,370.0,27.78305,-95.73481,2.7,168.0
2111.0,18:47,900008.0,371.0,27.7821,-95.73444,2.7,166.5
2112.0,18:49,900008.0,372.0,27.78021,-95.73354,2.8,164.1
2113.0,18:51,900008.0,373.0,27.77836,-95.73241,2.9,162.5
2114.0,18:53,900008.0,374.0,27.77658,-95.73105,3.0,162.0
2115.0,18:54,900008.0,375.0,27.77571,-95.73028,3.1,161.9
2116.0,18:56,900008.0,376.0,27.77403,-95.72856,3.2,161.1
2117.0,18:58,900008.0,377.0,27.7724,-95.72661,3.3,159.7
2118.0,18:59,900008.0,378.0,27.7716,-95.72556,3.4,158.7
2119.0,19:00,900008.0,379.0,27.77082,-95.72446,3.4,157.7
2120.0,19:01,900008.0,380.0,27.77005,-95.72331,3.5,156.4
2121.0,19:02,900008.0,381.0,27.7693,-95.72212,3.6,155.1
2122.0,19:03,900008.0,382.0,27.76855,-95.72088,3.7,153.7
2123.0,19:04,900008.0,383.0,27.76781,-95.71959,3.8,152.2
2124.0,19:06,900008.0,384.0,27.76636,-95.71691,3.9,148.9
2125.0,19:07,900008.0,385.0,27.76565,-95.71551,4.0,147.2
2126.0,19:08,900008.0,386.0,27.76494,-95.71408,4.1,145.4
2127.0,19:09,900008.0,387.0,27.76424,-95.71262,4.2,143.7
2128.0,19:10,900008.0,388.0,27.76354,-95.71113,4.3,141.8
2129.0,19:11,900008.0,389.0,27.76285,-95.7096,4.4,140.0
2130.0,19:13,900008.0,390.0,27.76147,-95.70648,4.6,136.3
2131.0,19:14,900008.0,391.0,27.76079,-95.70488,4.7,134.6
2132.0,19:15,900008.0,392.0,27.76011,-95.70327,4.8,132.8
2133.0,19:16,900008.0,393.0,27.75943,-95.70163,4.9,131.1
2134.0,19:17,900008.0,394.0,27.75874,-95.69998,5.0,129.4
2135.0,19:18,900008.0,395.0,27.75806,-95.69831,5.1,127.8
2136.0,19:20,900008.0,396.0,27.75669,-95.69494,5.2,124.9
2137.0,19:21,900008.0,397.0,27.756,-95.69325,5.3,123.6
2138.0,19:23,900008.0,398.0,27.75461,-95.68983,5.4,121.3
2139.0,19:24,900008.0,399.0,27.7539,-95.68811,5.5,120.3
2140.0,19:26,900008.0,400.0,27.75247,-95.68469,5.6,118.9
2141.0,19:27,900008.0,401.0,27.75175,-95.68298,5.7,118.4
2142.0,19:29,900008.0,402.0,27.75027,-95.67957,5.8,118.0
2143.0,19:30,900008.0,403.0,27.74952,-95.67788,5.8,118.0
2144.0,19:32,900008.0,404.0,27.74798,-95.67452,5.9,118.1
2145.0,19:33,900008.0,405.0,27.7472,-95.67286,6.0,118.2
2146.0,19:35,900008.0,406.0,27.74561,-95.66955,6.1,118.4
2147.0,19:36,900008.0,407.0,27.74481,-95.66791,6.1,118.5
2148.0,19:37,900008.0,408.0,27.74399,-95.66627,6.1,118.7
2149.0,19:40,900008.0,409.0,27.7415,-95.6614,6.2,119.2
2150.0,19:41,900008.0,410.0,27.74066,-95.65979,6.2,119.4
2151.0,19:43,900008.0,411.0,27.73895,-95.65659,6.2,119.8
2152.0,19:45,900008.0,412.0,27.73722,-95.65341,6.2,120.2
2153.0,19:47,900008.0,413.0,27.73547,-95.65024,6.2,120.6
2154.0,19:50,900008.0,414.0,27.73281,-95.64553,6.2,121.2
2155.0,19:51,900008.0,415.0,27.73191,-95.64397,6.2,121.4
2156.0,19:53,900008.0,416.0,27.73011,-95.64085,6.2,121.8
2157.0,19:55,900008.0,417.0,27.72829,-95.63775,6.1,122.2
2158.0,19:59,900008.0,418.0,27.72463,-95.63156,6.0,122.7
2159.0,20:00,900008.0,419.0,27.72372,-95.63001,6.0,122.8
2160.0,20:01,900008.0,420.0,27.72279,-95.62847,5.9,122.9
2161.0,20:02,900008.0,421.0,27.72187,-95.62693,5.9,123.0
2162.0,20:04,900008.0,422.0,27.72003,-95.62385,5.8,123.0
2163.0,18:00,900009.0,1.0,38.71327,-124.63354,19.9,298.3
2164.0,19:00,900009.0,2.0,38.87182,-125.01219,19.9,298.2
2165.0,19:01,900009.0,3.0,38.87451,-125.01826,19.9,298.1
2166.0,19:02,900009.0,4.0,38.8772,-125.02431,19.8,297.8
2167.0,19:03,900009.0,5.0,38.87988,-125.03037,19.8,297.4
2168.0,19:04,900009.0,6.0,38.88255,-125.03644,19.7,296.8
2169.0,19:05,900009.0,7.0,38.8852,-125.04251,19.7,296.1
2170.0,19:06,900009.0,8.0,38.88783,-125.0486,19.6,295.2
2171.0,19:08,900009.0,9.0,38.893,-125.06084,19.5,293.4
2172.0,19:09,900009.0,10.0,38.89553,-125.06701,19.5,292.4
2173.0,19:10,900009.0,11.0,38.89802,-125.07322,19.4,291.5
2174.0,19:11,900009.0,12.0,38.90047,-125.07947,19.3,290.5
2175.0,19:13,900009.0,13.0,38.9052,-125.09213,19.3,288.7
2176.0,19:14,900009.0,14.0,38.90747,-125.09854,19.2,287.8
2177.0,19:15,900009.0,15.0,38.90968,-125.10502,19.2,287.1
2178.0,19:17,900009.0,16.0,38.91388,-125.1182,19.2,286.1
2179.0,19:19,900009.0,17.0,38.91776,-125.13171,19.2,285.7
2180.0,19:20,900009.0,18.0,38.91957,-125.1386,19.2,285.7
2181.0,19:22,900009.0,19.0,38.92296,-125.15261,19.3,285.8
2182.0,19:26,900009.0,20.0,38.92919,-125.1812,19.4,286.0
2183.0,19:27,900009.0,21.0,38.93071,-125.18839,19.5,286.1
2184.0,19:29,900009.0,22.0,38.93378,-125.20274,19.6,286.3
2185.0,19:30,900009.0,23.0,38.93536,-125.20988,19.7,286.3
2186.0,19:31,900009.0,24.0,38.93698,-125.21697,19.7,286.4
2187.0,19:33,900009.0,25.0,38.9404,-125.23097,19.8,286.4
2188.0,19:35,900009.0,26.0,38.94413,-125.24466,19.9,286.5
2189.0,19:37,900009.0,27.0,38.94816,-125.25805,19.9,286.9
2190.0,19:38,900009.0,28.0,38.95029,-125.26464,20.0,287.2
2191.0,19:39,900009.0,29.0,38.95248,-125.27116,20.0,287.5
2192.0,19:40,900009.0,30.0,38.95474,-125.27761,20.0,287.8
2193.0,19:42,900009.0,31.0,38.95945,-125.29034,20.1,288.6
2194.0,19:45,900009.0,32.0,38.96694,-125.30902,20.1,290.1
2195.0,19:46,900009.0,33.0,38.96954,-125.31514,20.1,290.6
2196.0,19:48,900009.0,34.0,38.97489,-125.32727,20.1,291.8
2197.0,19:50,900009.0,35.0,38.9804,-125.33924,20.1,293.0
2198.0,19:51,900009.0,36.0,38.98322,-125.34517,20.1,293.5
2199.0,19:53,900009.0,37.0,38.98896,-125.35695,20.1,294.7
2200.0,19:54,900009.0,38.0,38.99187,-125.36281,20.1,295.3
2201.0,19:55,900009.0,39.0,38.99481,-125.36864,20.1,295.9
2202.0,19:58,900009.0,40.0,39.00378,-125.38603,20.0,297.5
2203.0,19:59,900009.0,41.0,39.0068,-125.3918,20.0,298.0
2204.0,20:00,900009.0,42.0,39.00984,-125.39757,20.0,298.5
2205.0,20:01,900009.0,43.0,39.01289,-125.40333,20.0,298.9
2206.0,20:02,900009.0,44.0,39.01596,-125.4091,20.0,299.3
2207.0,20:03,900009.0,45.0,39.01902,-125.41486,20.0,299.6
2208.0,20:04,900009.0,46.0,39.0221,-125.42063,20.0,299.9
2209.0,20:05,900009.0,47.0,39.02517,-125.4264,20.0,300.2
2210.0,20:07,900009.0,48.0,39.03132,-125.43798,19.9,300.6
2211.0,20:08,900009.0,49.0,39.03438,-125.4438,19.9,300.7
2212.0,20:09,900009.0,50.0,39.03744,-125.44963,19.9,300.7
2213.0,20:11,900009.0,51.0,39.04352,-125.46136,19.9,300.7
2214.0,20:12,900009.0,52.0,39.04655,-125.46725,19.9,300.7
2215.0,20:13,900009.0,53.0,39.04956,-125.47317,19.8,300.7
2216.0,20:15,900009.0,54.0,39.05555,-125.48505,19.8,300.7
2217.0,20:16,900009.0,55.0,39.05853,-125.49102,19.8,300.6
2218.0,20:17,900009.0,56.0,39.0615,-125.497,19.8,300.6
2219.0,20:19,900009.0,57.0,39.06741,-125.50902,19.8,300.6
2220.0,20:20,900009.0,58.0,39.07034,-125.51505,19.7,300.6
2221.0,20:22,900009.0,59.0,39.07618,-125.52714,19.7,300.5
2222.0,20:24,900009.0,60.0,39.08198,-125.53929,19.7,300.4
2223.0,20:25,900009.0,61.0,39.08486,-125.54537,19.7,300.4
2224.0,20:26,900009.0,62.0,39.08773,-125.55147,19.6,300.4
2225.0,20:27,900009.0,63.0,39.09059,-125.55757,19.6,300.4
2226.0,20:29,900009.0,64.0,39.09628,-125.5698,19.6,300.3
2227.0,20:31,900009.0,65.0,39.10192,-125.58206,19.5,300.3
2228.0,20:32,900009.0,66.0,39.10473,-125.5882,19.5,300.2
2229.0,20:34,900009.0,67.0,39.11031,-125.60048,19.5,300.2
2230.0,20:35,900009.0,68.0,39.11308,-125.60663,19.5,300.1
2231.0,20:36,900009.0,69.0,39.11584,-125.61277,19.5,300.1
2232.0,20:37,900009.0,70.0,39.1186,-125.61892,19.5,300.1
2233.0,20:39,900009.0,71.0,39.12407,-125.63122,19.4,300.1
2234.0,20:41,900009.0,72.0,39.1295,-125.6435,19.4,300.0
2235.0,20:42,900009.0,73.0,39.13219,-125.64964,19.4,300.0
2236.0,20:43,900009.0,74.0,39.13488,-125.65578,19.4,300.0
2237.0,20:45,900009.0,75.0,39.14022,-125.66804,19.4,300.0
2238.0,20:46,900009.0,76.0,39.14288,-125.67416,19.4,300.0
2239.0,20:49,900009.0,77.0,39.15078,-125.69248,19.4,300.0
2240.0,20:51,900009.0,78.0,39.156,-125.70467,19.4,299.9
2241.0,20:52,900009.0,79.0,39.1586,-125.71075,19.4,299.9
2242.0,20:55,900009.0,80.0,39.16633,-125.72898,19.4,299.8
2243.0,20:56,900009.0,81.0,39.1689,-125.73505,19.4,299.7
2244.0,20:58,900009.0,82.0,39.174,-125.74718,19.4,299.6
2245.0,20:59,900009.0,83.0,39.17654,-125.75324,19.4,299.6
2246.0,21:00,900009.0,84.0,39.17907,-125.75931,19.4,299.5
2247.0,21:01,900009.0,85.0,39.1816,-125.76536,19.4,299.5
2248.0,21:02,900009.0,86.0,39.18412,-125.77142,19.4,299.4
2249.0,21:03,900009.0,87.0,39.18664,-125.77748,19.5,299.3
2250.0,21:04,900009.0,88.0,39.18915,-125.78354,19.5,299.2
2251.0,21:05,900009.0,89.0,39.19166,-125.78959,19.5,299.2
2252.0,21:07,900009.0,90.0,39.19666,-125.80171,19.5,299.0
2253.0,21:08,900009.0,91.0,39.19915,-125.80777,19.5,298.9
2254.0,21:09,900009.0,92.0,39.20164,-125.81384,19.5,298.9
2255.0,21:10,900009.0,93.0,39.20412,-125.8199,19.5,298.8
2256.0,21:12,900009.0,94.0,39.20908,-125.83204,19.6,298.6
2257.0,21:14,900009.0,95.0,39.21404,-125.84419,19.6,298.5
2258.0,21:16,900009.0,96.0,39.21898,-125.85636,19.6,298.3
2259.0,21:17,900009.0,97.0,39.22145,-125.86245,19.7,298.2
2260.0,21:18,900009.0,98.0,39.22392,-125.86855,19.7,298.1
2261.0,21:20,900009.0,99.0,39.22886,-125.88076,19.7,298.0
2262.0,21:22,900009.0,100.0,39.23379,-125.893,19.7,297.8
2263.0,21:23,900009.0,101.0,39.23626,-125.89913,19.7,297.8
2264.0,21:24,900009.0,102.0,39.23873,-125.90527,19.7,297.7
2265.0,21:25,900009.0,103.0,39.24121,-125.91142,19.8,297.6
2266.0,21:26,900009.0,104.0,39.24368,-125.91758,19.8,297.5
2267.0,21:28,900009.0,105.0,39.24863,-125.92991,19.8,297.4
2268.0,21:29,900009.0,106.0,39.25111,-125.9361,19.8,297.4
2269.0,21:30,900009.0,107.0,39.25359,-125.94229,19.8,297.3
2270.0,21:32,900009.0,108.0,39.25857,-125.95471,19.8,297.2
2271.0,21:33,900009.0,109.0,39.26106,-125.96094,19.8,297.2
2272.0,21:34,900009.0,110.0,39.26356,-125.96718,19.8,297.1
2273.0,21:36,900009.0,111.0,39.26857,-125.9797,19.8,297.1
2274.0,21:37,900009.0,112.0,39.27108,-125.98597,19.8,297.0
2275.0,21:38,900009.0,113.0,39.27359,-125.99226,19.8,297.0
2276.0,21:41,900009.0,114.0,39.28118,-126.01122,19.8,297.0
2277.0,21:42,900009.0,115.0,39.28372,-126.01757,19.8,297.0
2278.0,21:43,900009.0,116.0,39.28627,-126.02393,19.8,297.0
2279.0,21:45,900009.0,117.0,39.29138,-126.0367,19.8,297.0
2280.0,21:46,900009.0,118.0,39.29395,-126.0431,19.8,297.0
2281.0,21:49,900009.0,119.0,39.30167,-126.06237,19.7,296.9
2282.0,21:50,900009.0,120.0,39.30425,-126.06882,19.7,296.9
2283.0,21:51,900009.0,121.0,39.30684,-126.07527,19.7,296.8
2284.0,21:53,900009.0,122.0,39.31203,-126.0882,19.7,296.8
2285.0,21:54,900009.0,123.0,39.31463,-126.09468,19.7,296.8
2286.0,21:56,900009.0,124.0,39.31983,-126.10766,19.7,296.7
2287.0,21:57,900009.0,125.0,39.32244,-126.11415,19.6,296.7
2288.0,21:58,900009.0,126.0,39.32505,-126.12065,19.6,296.7
2289.0,21:59,900009.0,127.0,39.32766,-126.12715,19.6,296.6
2290.0,22:00,900009.0,128.0,39.33027,-126.13366,19.6,296.6
2291.0,22:01,900009.0,129.0,39.33288,-126.14017,19.6,296.6
2292.0,22:02,900009.0,130.0,39.33549,-126.14668,19.5,296.6
2293.0,22:03,900009.0,131.0,39.33811,-126.1532,19.5,296.6
2294.0,22:04,900009.0,132.0,39.34072,-126.15971,19.5,296.6
2295.0,16:47,900010.0,1.0,40.152,-124.62854,11.4,329.5
2296.0,16:49,900010.0,2.0,40.15751,-124.63368,11.5,330.0
2297.0,16:50,900010.0,3.0,40.16027,-124.63623,11.6,330.7
2298.0,16:51,900010.0,4.0,40.16303,-124.63877,11.6,331.5
2299.0,16:52,900010.0,5.0,40.1658,-124.6413,11.7,332.4
2300.0,16:54,900010.0,6.0,40.17136,-124.64626,11.7,334.7
2301.0,16:55,900010.0,7.0,40.17415,-124.6487,11.8,335.9
2302.0,16:56,900010.0,8.0,40.17696,-124.6511,11.8,337.1
2303.0,16:57,900010.0,9.0,40.17978,-124.65346,11.9,338.3
2304.0,16:59,900010.0,10.0,40.18545,-124.65803,11.9,340.6
2305.0,17:00,900010.0,11.0,40.18832,-124.66023,12.0,341.5
2306.0,17:01,900010.0,12.0,40.1912,-124.66237,12.0,342.3
2307.0,17:02,900010.0,13.0,40.1941,-124.66444,12.0,343.0
2308.0,17:03,900010.0,14.0,40.19702,-124.66644,12.1,343.4
2309.0,17:04,900010.0,15.0,40.19997,-124.66837,12.1,343.5
2310.0,17:05,900010.0,16.0,40.20294,-124.67022,12.1,343.5
2311.0,17:07,900010.0,17.0,40.20895,-124.67369,12.2,343.5
2312.0,17:09,900010.0,18.0,40.21504,-124.67688,12.2,343.5
2313.0,17:10,900010.0,19.0,40.21812,-124.67838,12.2,343.5
2314.0,17:11,900010.0,20.0,40.22121,-124.67982,12.3,343.5
2315.0,17:13,900010.0,21.0,40.22746,-124.68254,12.3,343.5
2316.0,17:15,900010.0,22.0,40.23379,-124.68506,12.3,343.5
2317.0,17:16,900010.0,23.0,40.23697,-124.68626,12.3,343.5
2318.0,17:18,900010.0,24.0,40.24339,-124.68856,12.4,343.4
2319.0,17:20,900010.0,25.0,40.24986,-124.69073,12.4,343.4
2320.0,17:21,900010.0,26.0,40.25311,-124.69178,12.4,343.4
2321.0,17:24,900010.0,27.0,40.26294,-124.69482,12.4,343.4
2322.0,17:25,900010.0,28.0,40.26624,-124.69582,12.4,343.4
2323.0,17:26,900010.0,29.0,40.26955,-124.69681,12.4,343.4
2324.0,17:27,900010.0,30.0,40.27286,-124.69779,12.4,343.4
2325.0,17:30,900010.0,31.0,40.28285,-124.70078,12.4,343.3
2326.0,17:32,900010.0,32.0,40.28954,-124.70283,12.4,343.3
2327.0,17:33,900010.0,33.0,40.29289,-124.70389,12.4,343.3
2328.0,17:34,900010.0,34.0,40.29625,-124.70496,12.4,343.3
2329.0,17:35,900010.0,35.0,40.2996,-124.70607,12.4,343.3
2330.0,17:37,900010.0,36.0,40.30632,-124.70837,12.5,343.3
2331.0,17:38,900010.0,37.0,40.30968,-124.70958,12.5,343.3
2332.0,17:40,900010.0,38.0,40.3164,-124.71213,12.5,343.3
2333.0,17:41,900010.0,39.0,40.31976,-124.71347,12.5,343.3
2334.0,17:43,900010.0,40.0,40.32647,-124.71631,12.5,343.3
2335.0,17:44,900010.0,41.0,40.32982,-124.7178,12.5,343.3
2336.0,17:47,900010.0,42.0,40.33987,-124.72251,12.6,343.4
2337.0,17:49,900010.0,43.0,40.34656,-124.72582,12.6,343.5
2338.0,17:51,900010.0,44.0,40.35325,-124.72922,12.7,343.7
2339.0,17:52,900010.0,45.0,40.3566,-124.73096,12.7,343.7
2340.0,17:54,900010.0,46.0,40.36329,-124.73447,12.7,343.9
2341.0,17:55,900010.0,47.0,40.36663,-124.73624,12.7,344.0
2342.0,17:57,900010.0,48.0,40.37333,-124.7398,12.8,344.1
2343.0,17:58,900010.0,49.0,40.37668,-124.74158,12.8,344.2
2344.0,17:59,900010.0,50.0,40.38003,-124.74335,12.8,344.3
2345.0,18:00,900010.0,51.0,40.38338,-124.74511,12.9,344.4
2346.0,18:01,900010.0,52.0,40.38674,-124.74687,12.9,344.5
2347.0,18:02,900010.0,53.0,40.39009,-124.74861,12.9,344.6
2348.0,18:03,900010.0,54.0,40.39345,-124.75033,12.9,344.7
2349.0,18:04,900010.0,55.0,40.39681,-124.75203,13.0,344.8
2350.0,18:05,900010.0,56.0,40.40018,-124.7537,13.0,344.9
2351.0,18:06,900010.0,57.0,40.40354,-124.75535,13.0,345.0
2352.0,18:08,900010.0,58.0,40.41029,-124.75854,13.1,345.3
2353.0,18:09,900010.0,59.0,40.41366,-124.76008,13.1,345.4
2354.0,18:10,900010.0,60.0,40.41704,-124.76159,13.1,345.5
2355.0,18:11,900010.0,61.0,40.42043,-124.76304,13.1,345.6
2356.0,18:12,900010.0,62.0,40.42382,-124.76445,13.2,345.7
2357.0,18:13,900010.0,63.0,40.42721,-124.76581,13.2,345.8
2358.0,18:15,900010.0,64.0,40.43401,-124.76835,13.2,346.0
2359.0,18:16,900010.0,65.0,40.43742,-124.76953,13.2,346.1
2360.0,18:17,900010.0,66.0,40.44084,-124.77065,13.3,346.2
2361.0,18:18,900010.0,67.0,40.44425,-124.7717,13.3,346.3
2362.0,18:19,900010.0,68.0,40.44768,-124.77267,13.3,346.3
2363.0,18:20,900010.0,69.0,40.45111,-124.77357,13.3,346.4
2364.0,18:22,900010.0,70.0,40.45799,-124.77514,13.3,346.6
2365.0,18:23,900010.0,71.0,40.46144,-124.77579,13.4,346.6
2366.0,18:24,900010.0,72.0,40.4649,-124.77636,13.4,346.7
2367.0,18:25,900010.0,73.0,40.46836,-124.77684,13.4,346.8
2368.0,18:27,900010.0,74.0,40.47531,-124.7775,13.4,346.9
2369.0,18:28,900010.0,75.0,40.4788,-124.77768,13.4,346.9
2370.0,18:30,900010.0,76.0,40.4858,-124.77772,13.4,347.0
2371.0,18:31,900010.0,77.0,40.48931,-124.77758,13.4,347.0
2372.0,18:33,900010.0,78.0,40.49636,-124.77694,13.4,347.0
2373.0,18:34,900010.0,79.0,40.4999,-124.77644,13.4,347.1
2374.0,18:36,900010.0,80.0,40.507,-124.77511,13.4,347.8
2375.0,18:37,900010.0,81.0,40.51056,-124.77429,13.4,348.4
2376.0,18:38,900010.0,82.0,40.51413,-124.77338,13.4,349.1
2377.0,18:39,900010.0,83.0,40.51771,-124.77239,13.4,349.9
2378.0,18:41,900010.0,84.0,40.52488,-124.77018,13.4,351.9
2379.0,18:43,900010.0,85.0,40.53208,-124.76773,13.3,354.1
2380.0,18:44,900010.0,86.0,40.53568,-124.76643,13.3,355.3
2381.0,18:45,900010.0,87.0,40.53929,-124.7651,13.3,356.5
2382.0,18:46,900010.0,88.0,40.54291,-124.76374,13.3,357.7
2383.0,18:47,900010.0,89.0,40.54652,-124.76235,13.3,358.9
2384.0,18:48,900010.0,90.0,40.55014,-124.76095,13.3,0.1
2385.0,18:50,900010.0,91.0,40.55739,-124.75814,13.3,2.3
2386.0,18:51,900010.0,92.0,40.56102,-124.75675,13.3,3.3
2387.0,18:52,900010.0,93.0,40.56465,-124.75537,13.3,4.3
2388.0,18:53,900010.0,94.0,40.56828,-124.75401,13.4,5.1
2389.0,18:55,900010.0,95.0,40.57555,-124.75141,13.4,6.4
2390.0,18:56,900010.0,96.0,40.57918,-124.75017,13.5,6.8
2391.0,18:57,900010.0,97.0,40.58281,-124.74899,13.5,7.1
2392.0,18:58,900010.0,98.0,40.58644,-124.74787,13.6,7.2
2393.0,18:59,900010.0,99.0,40.59007,-124.74682,13.7,7.6
2394.0,19:00,900010.0,100.0,40.5937,-124.74583,13.7,8.8
2395.0,19:01,900010.0,101.0,40.59732,-124.74489,13.8,10.4
2396.0,19:02,900010.0,102.0,40.60095,-124.744,13.9,12.2
2397.0,19:03,900010.0,103.0,40.60458,-124.74314,14.0,14.0
2398.0,19:04,900010.0,104.0,40.6082,-124.74231,14.1,15.6
2399.0,19:05,900010.0,105.0,40.61183,-124.7415,14.2,16.8
2400.0,19:06,900010.0,106.0,40.61545,-124.74069,14.3,17.2
